customer_id,segment,customer_age_days,lifetime_successful_txns,lifetime_failed_txns,avg_transaction_value,risk_score,preferred_channel,contact_fatigue_score
1,b2c_returning,203,3,0,622.47,0.3031,email,0.0
2,b2c_new,543,9,1,2476.36,0.2396,sms,0.0
3,b2c_returning,181,1,0,977.62,0.0702,email,0.0
4,b2c_returning,162,2,0,1028.59,0.0278,email,0.0
5,b2c_new,469,9,1,3657.25,0.143,email,0.0
6,b2b,74,4,1,52415.81,0.1567,email,0.0
7,b2c_returning,2266,49,14,1326.64,0.2753,whatsapp,0.0
8,b2c_returning,252,4,0,1510.93,0.0396,none,0.0
9,b2c_new,253,9,3,1576.48,0.0201,none,0.0
10,b2c_new,288,4,0,2907.35,0.5616,whatsapp,0.0
11,b2c_new,974,18,7,771.66,0.2719,whatsapp,0.0
12,b2b,367,10,2,34757.61,0.4073,email,0.0
13,b2c_returning,42,3,1,4061.07,0.28,sms,0.0
14,b2c_returning,636,10,1,8010.18,0.0716,whatsapp,0.0
15,b2c_new,132,5,2,696.38,0.2297,none,0.0
16,b2c_new,198,3,1,2269.34,0.3832,sms,0.0
17,b2c_returning,56,1,0,1575.71,0.41,whatsapp,0.0
18,b2c_new,289,3,1,1679.73,0.0511,none,0.0
19,b2c_returning,100,2,0,1035.7,0.2209,whatsapp,0.0
20,b2c_returning,196,4,0,3055.21,0.1235,whatsapp,0.0
21,b2c_returning,139,1,0,2947.43,0.0188,none,0.0
22,b2c_new,1017,19,6,10525.49,0.2424,whatsapp,0.0
23,b2b,1071,18,6,28166.88,0.1041,email,0.0
24,b2c_returning,187,6,2,529.54,0.5125,none,0.0
25,b2c_returning,190,5,2,7584.44,0.1682,whatsapp,0.0
26,b2c_new,128,4,0,1735.79,0.2683,email,0.0
27,b2c_new,487,7,2,1307.38,0.2335,none,0.0
28,b2c_new,133,5,2,2053.52,0.0531,email,0.0
29,b2c_new,123,3,0,678.0,0.2256,none,0.0
30,b2c_returning,434,6,0,2341.73,0.3867,whatsapp,0.0
31,b2c_returning,110,1,0,1701.66,0.279,email,0.0
32,b2b,173,3,0,56711.91,0.0635,whatsapp,0.0
33,b2c_new,43,0,0,3279.52,0.3156,email,0.0
34,b2c_new,339,13,2,3476.48,0.2542,none,0.0
35,b2c_new,1032,27,10,2057.25,0.1722,whatsapp,0.0
36,b2c_new,344,9,6,5533.55,0.1149,sms,0.0
37,b2c_new,670,15,6,2694.37,0.3093,none,0.0
38,b2c_new,84,1,0,1239.37,0.0888,email,0.0
39,b2c_new,222,6,1,1021.56,0.4219,sms,0.0
40,b2c_returning,77,1,0,1105.41,0.2779,whatsapp,0.0
41,b2c_new,146,6,3,2718.19,0.0326,email,0.0
42,b2c_returning,360,7,1,708.68,0.229,email,0.0
43,b2c_returning,197,3,3,2006.44,0.2119,whatsapp,0.0
44,b2c_new,50,3,0,1004.79,0.1809,email,0.0
45,b2c_returning,55,2,1,748.71,0.1629,sms,0.0
46,b2c_returning,51,2,0,838.3,0.3221,whatsapp,0.0
47,b2c_new,280,4,0,1770.27,0.1126,sms,0.0
48,b2c_new,1153,24,8,3072.31,0.1562,email,0.0
49,b2c_returning,613,11,4,1121.46,0.3717,email,0.0
50,b2c_new,32,1,0,420.88,0.2325,email,0.0
51,b2c_new,646,12,4,16376.06,0.1779,whatsapp,0.0
52,b2c_new,418,9,2,3936.31,0.244,email,0.0
53,b2c_returning,44,1,0,3456.93,0.0692,none,0.0
54,b2c_returning,137,5,0,5625.45,0.1089,email,0.0
55,b2c_returning,482,16,2,1920.23,0.2239,email,0.0
56,b2c_returning,295,5,2,1637.69,0.0527,whatsapp,0.0
57,b2c_new,55,1,2,4649.88,0.4048,email,0.0
58,b2c_returning,311,2,0,4627.96,0.0407,whatsapp,0.0
59,b2c_new,26,1,0,2768.81,0.116,email,0.0
60,b2c_new,147,3,1,3338.55,0.1516,none,0.0
61,b2c_returning,501,9,2,756.27,0.1473,email,0.0
62,b2c_new,183,5,1,1503.14,0.1253,email,0.0
63,b2c_returning,114,4,1,5932.57,0.3827,whatsapp,0.0
64,b2c_returning,400,9,5,3160.81,0.3053,sms,0.0
65,b2c_returning,432,7,2,646.86,0.0228,none,0.0
66,b2c_returning,585,10,1,1241.12,0.3603,none,0.0
67,b2c_returning,395,9,5,5293.38,0.1939,whatsapp,0.0
68,b2c_new,476,8,3,2475.49,0.2068,email,0.0
69,b2c_new,348,6,2,2044.41,0.3916,whatsapp,0.0
70,b2c_new,228,6,3,2087.9,0.1254,email,0.0
71,b2c_new,195,3,1,1697.73,0.453,email,0.0
72,b2c_new,145,2,0,1247.09,0.3151,email,0.0
73,b2c_returning,60,1,0,1004.28,0.2791,sms,0.0
74,b2c_new,76,1,0,3651.05,0.3207,sms,0.0
75,b2c_new,139,5,2,2125.63,0.0347,whatsapp,0.0
76,b2c_new,223,1,0,2952.71,0.2339,sms,0.0
77,b2c_new,658,8,2,2639.18,0.1759,email,0.0
78,b2c_returning,173,5,2,4825.37,0.3113,email,0.0
79,b2c_returning,444,9,4,2474.5,0.308,whatsapp,0.0
80,b2c_returning,475,18,8,3203.72,0.1928,whatsapp,0.0
81,b2c_returning,146,4,0,2023.61,0.3407,email,0.0
82,b2c_new,307,4,3,927.35,0.0366,whatsapp,0.0
83,b2c_returning,144,1,0,1537.03,0.2041,whatsapp,0.0
84,b2c_new,591,16,3,2720.27,0.2531,email,0.0
85,b2c_new,319,7,1,2892.61,0.1459,whatsapp,0.0
86,b2c_new,61,2,1,4970.43,0.0054,none,0.0
87,b2c_returning,208,6,2,1304.53,0.4411,none,0.0
88,b2c_new,793,13,9,2108.52,0.0103,email,0.0
89,b2c_new,152,6,1,1644.4,0.1604,email,0.0
90,b2c_returning,269,5,2,5611.43,0.1236,whatsapp,0.0
91,b2c_new,294,9,2,2342.69,0.3187,sms,0.0
92,b2c_returning,70,4,1,2374.3,0.0495,email,0.0
93,b2c_new,285,2,1,1755.62,0.3267,sms,0.0
94,b2c_new,51,1,0,1537.62,0.1358,sms,0.0
95,b2c_new,102,1,0,652.93,0.1192,email,0.0
96,b2c_returning,473,8,2,744.49,0.3251,email,0.0
97,b2c_new,248,4,0,2040.06,0.2675,whatsapp,0.0
98,b2c_new,136,1,0,1869.54,0.1327,sms,0.0
99,b2c_new,269,7,3,2048.04,0.0674,email,0.0
100,b2b,170,5,5,24704.6,0.1974,none,0.0
101,b2b,182,1,0,22485.53,0.2039,whatsapp,0.0
102,b2c_returning,325,11,7,1410.53,0.1326,sms,0.0
103,b2c_new,93,0,0,1553.96,0.2237,email,0.0
104,b2b,186,3,0,21301.59,0.347,whatsapp,0.0
105,b2c_returning,135,5,1,1379.59,0.1742,whatsapp,0.0
106,b2c_returning,43,0,0,3791.88,0.0512,whatsapp,0.0
107,b2c_new,78,0,0,1785.85,0.134,email,0.0
108,b2c_new,738,4,2,2146.74,0.2276,whatsapp,0.0
109,b2c_new,254,6,3,1016.32,0.0475,email,0.0
110,b2b,54,0,0,37252.59,0.0739,none,0.0
111,b2c_new,44,2,0,4928.64,0.3055,email,0.0
112,b2c_new,162,7,3,693.21,0.2724,sms,0.0
113,b2c_new,733,15,2,2383.12,0.4388,whatsapp,0.0
114,b2c_returning,152,7,2,1669.04,0.0959,whatsapp,0.0
115,b2c_new,583,11,5,2195.94,0.2164,whatsapp,0.0
116,b2c_returning,247,10,3,2470.08,0.1582,sms,0.0
117,b2c_returning,275,4,0,376.56,0.3943,none,0.0
118,b2c_returning,54,2,0,3063.1,0.4209,whatsapp,0.0
119,b2c_new,418,6,1,3921.46,0.1469,sms,0.0
120,b2c_returning,133,4,1,4242.49,0.0171,whatsapp,0.0
121,b2c_returning,391,9,2,929.18,0.1018,sms,0.0
122,b2c_returning,86,1,1,1761.39,0.3365,whatsapp,0.0
123,b2c_new,211,1,0,1234.35,0.1693,email,0.0
124,b2c_new,247,9,4,471.01,0.2024,email,0.0
125,b2c_new,156,6,0,1165.8,0.2341,sms,0.0
126,b2c_new,259,12,5,842.75,0.2266,email,0.0
127,b2c_new,141,4,0,2274.94,0.4006,email,0.0
128,b2c_new,100,0,0,574.52,0.2422,sms,0.0
129,b2c_new,763,16,6,906.74,0.1876,whatsapp,0.0
130,b2c_returning,462,7,2,1251.27,0.1913,email,0.0
131,b2c_new,90,3,0,3086.07,0.0361,whatsapp,0.0
132,b2b,300,7,2,44804.96,0.1347,email,0.0
133,b2c_returning,92,2,1,2225.43,0.1866,email,0.0
134,b2c_new,61,2,0,873.99,0.135,email,0.0
135,b2c_returning,456,7,1,1118.98,0.0152,whatsapp,0.0
136,b2c_new,38,0,0,2853.16,0.3763,sms,0.0
137,b2b,414,10,3,21565.91,0.1582,none,0.0
138,b2c_new,143,2,1,3878.66,0.0964,whatsapp,0.0
139,b2c_returning,148,3,3,2179.67,0.1137,none,0.0
140,b2c_new,260,6,2,1649.11,0.0928,email,0.0
141,b2c_new,303,13,3,553.42,0.3229,whatsapp,0.0
142,b2c_new,85,1,0,3428.28,0.0789,whatsapp,0.0
143,b2b,343,5,1,42399.0,0.2186,sms,0.0
144,b2c_returning,199,2,0,2004.45,0.4158,whatsapp,0.0
145,b2c_new,58,1,0,1612.48,0.1021,sms,0.0
146,b2c_new,154,3,1,594.0,0.2297,email,0.0
147,b2c_new,623,16,11,1531.59,0.4744,whatsapp,0.0
148,b2c_returning,813,14,2,771.51,0.2429,email,0.0
149,b2c_new,343,10,4,1140.39,0.3859,email,0.0
150,b2c_new,61,0,0,2436.91,0.1605,whatsapp,0.0
151,b2c_returning,279,8,2,2943.23,0.24,email,0.0
152,b2c_returning,387,10,3,1777.16,0.2633,whatsapp,0.0
153,b2c_new,345,9,1,969.5,0.1243,sms,0.0
154,b2c_returning,364,9,4,1144.08,0.2885,whatsapp,0.0
155,b2c_new,249,6,0,1130.26,0.3238,sms,0.0
156,b2c_returning,168,5,1,403.27,0.0398,sms,0.0
157,b2c_new,104,1,0,1894.72,0.337,sms,0.0
158,b2c_returning,32,0,0,560.76,0.1025,whatsapp,0.0
159,b2c_returning,244,7,2,1898.61,0.4938,email,0.0
160,b2c_returning,212,4,1,648.03,0.4633,email,0.0
161,b2c_new,297,4,1,773.68,0.052,email,0.0
162,b2b,54,2,1,33453.14,0.0349,sms,0.0
163,b2c_new,321,4,1,1831.23,0.0573,none,0.0
164,b2c_new,1143,22,9,481.14,0.1867,whatsapp,0.0
165,b2c_returning,193,6,1,1217.29,0.0672,sms,0.0
166,b2c_new,170,1,0,2162.25,0.1217,email,0.0
167,b2c_returning,237,3,0,1166.82,0.2253,whatsapp,0.0
168,b2c_returning,1121,20,4,1415.64,0.1176,whatsapp,0.0
169,b2c_new,71,3,0,2135.36,0.0865,sms,0.0
170,b2b,216,4,0,24965.46,0.3005,none,0.0
171,b2c_new,87,2,0,898.71,0.1469,sms,0.0
172,b2c_returning,110,4,0,1828.32,0.2453,email,0.0
173,b2c_new,172,5,1,1472.03,0.1619,whatsapp,0.0
174,b2b,605,12,4,75313.19,0.2599,whatsapp,0.0
175,b2c_new,910,27,8,1674.69,0.0323,sms,0.0
176,b2c_new,269,8,2,1978.36,0.4496,none,0.0
177,b2c_new,128,1,0,2158.98,0.1204,whatsapp,0.0
178,b2b,1696,41,14,71879.63,0.1708,none,0.0
179,b2c_returning,122,1,0,1087.46,0.1899,whatsapp,0.0
180,b2c_returning,107,2,1,2483.39,0.0372,whatsapp,0.0
181,b2c_returning,36,0,0,2497.65,0.2918,sms,0.0
182,b2c_returning,632,11,4,7733.72,0.2135,sms,0.0
183,b2c_returning,430,14,8,3026.71,0.2939,email,0.0
184,b2c_new,1586,42,10,3062.65,0.4167,whatsapp,0.0
185,b2c_returning,51,1,2,2974.87,0.015,email,0.0
186,b2c_returning,668,10,1,1110.22,0.149,whatsapp,0.0
187,b2c_new,191,6,1,746.18,0.2462,email,0.0
188,b2c_new,371,4,1,891.61,0.0463,email,0.0
189,b2c_returning,40,5,3,2913.54,0.0029,email,0.0
190,b2c_new,674,14,4,4869.18,0.36,sms,0.0
191,b2b,365,12,4,11372.12,0.5035,email,0.0
192,b2c_new,173,3,0,1601.49,0.0718,email,0.0
193,b2c_new,321,9,2,5820.92,0.2216,whatsapp,0.0
194,b2c_returning,90,4,1,1319.47,0.3075,sms,0.0
195,b2c_new,106,0,0,805.8,0.2226,email,0.0
196,b2c_new,118,3,0,2148.74,0.1108,email,0.0
197,b2c_returning,33,1,0,4446.37,0.3852,email,0.0
198,b2c_returning,390,12,8,997.13,0.1705,none,0.0
199,b2c_new,526,11,1,545.76,0.0639,whatsapp,0.0
200,b2c_new,95,0,0,1848.14,0.1093,sms,0.0
201,b2c_returning,246,7,1,3088.83,0.3444,email,0.0
202,b2b,141,8,3,44370.04,0.3513,email,0.0
203,b2c_returning,241,9,3,3567.78,0.2246,whatsapp,0.0
204,b2c_new,102,1,1,691.45,0.1422,email,0.0
205,b2c_new,81,0,0,2989.68,0.0358,whatsapp,0.0
206,b2c_new,463,11,7,444.9,0.0827,email,0.0
207,b2c_new,169,3,0,641.07,0.279,whatsapp,0.0
208,b2c_returning,1110,26,12,2775.66,0.3877,sms,0.0
209,b2c_new,187,4,1,4215.74,0.0528,email,0.0
210,b2c_returning,78,1,0,1788.52,0.3002,email,0.0
211,b2c_returning,543,10,4,9626.58,0.058,whatsapp,0.0
212,b2c_returning,317,4,1,879.83,0.2584,whatsapp,0.0
213,b2c_new,346,8,2,872.0,0.3311,whatsapp,0.0
214,b2c_returning,525,9,1,1456.79,0.2537,email,0.0
215,b2c_returning,100,2,0,1409.06,0.2562,whatsapp,0.0
216,b2c_returning,160,3,1,2195.09,0.1612,email,0.0
217,b2c_new,154,5,0,1070.14,0.1041,whatsapp,0.0
218,b2c_new,56,2,3,2677.93,0.0202,whatsapp,0.0
219,b2b,141,5,0,85761.57,0.2836,email,0.0
220,b2c_new,599,10,2,5568.65,0.1679,whatsapp,0.0
221,b2c_new,222,3,0,1276.95,0.3148,none,0.0
222,b2c_new,53,0,0,2278.84,0.4206,none,0.0
223,b2c_returning,44,0,0,2750.76,0.5214,email,0.0
224,b2b,805,15,3,48517.98,0.1042,whatsapp,0.0
225,b2c_new,165,3,1,1552.12,0.408,email,0.0
226,b2b,100,1,0,163396.33,0.2143,sms,0.0
227,b2c_new,140,7,1,1908.2,0.1271,sms,0.0
228,b2c_returning,47,0,0,2730.91,0.4092,email,0.0
229,b2c_returning,647,12,1,1728.61,0.1048,email,0.0
230,b2c_new,126,2,0,1041.01,0.2221,none,0.0
231,b2c_new,616,12,5,555.62,0.066,email,0.0
232,b2c_new,188,7,3,2471.75,0.1337,sms,0.0
233,b2b,651,16,4,42043.87,0.2208,whatsapp,0.0
234,b2c_returning,226,5,2,4762.4,0.0816,email,0.0
235,b2b,387,13,8,54622.89,0.1568,none,0.0
236,b2c_returning,343,5,0,1295.08,0.1644,none,0.0
237,b2c_new,315,10,4,713.82,0.1348,email,0.0
238,b2c_returning,246,5,0,3689.57,0.0467,sms,0.0
239,b2c_new,145,4,1,4284.96,0.0442,email,0.0
240,b2c_new,1009,25,10,6914.32,0.1269,none,0.0
241,b2c_returning,79,2,2,2592.92,0.1472,email,0.0
242,b2c_returning,180,4,1,3127.63,0.1634,sms,0.0
243,b2c_new,182,4,0,2442.56,0.1888,whatsapp,0.0
244,b2c_returning,258,6,2,2688.44,0.047,whatsapp,0.0
245,b2c_returning,122,1,0,1862.91,0.4305,whatsapp,0.0
246,b2c_returning,238,5,3,2775.88,0.1862,email,0.0
247,b2c_returning,154,4,0,8050.88,0.4662,whatsapp,0.0
248,b2c_new,43,0,0,2097.74,0.1409,whatsapp,0.0
249,b2c_new,181,8,4,1830.5,0.0885,sms,0.0
250,b2c_new,66,0,0,2067.7,0.3764,whatsapp,0.0
251,b2c_returning,37,2,0,1621.61,0.3956,email,0.0
252,b2c_returning,203,6,0,2138.88,0.1106,email,0.0
253,b2c_new,279,4,2,1583.58,0.1834,email,0.0
254,b2c_new,289,6,2,4009.13,0.0133,email,0.0
255,b2c_new,299,4,0,3738.29,0.0973,email,0.0
256,b2c_returning,31,0,0,8198.42,0.2041,email,0.0
257,b2c_returning,52,1,1,1770.58,0.4983,sms,0.0
258,b2c_new,1063,19,4,2203.03,0.0702,whatsapp,0.0
259,b2c_new,70,1,1,2139.7,0.0434,sms,0.0
260,b2c_returning,311,7,3,2069.9,0.1477,whatsapp,0.0
261,b2c_new,97,1,1,3970.06,0.246,sms,0.0
262,b2c_returning,193,4,2,577.12,0.0797,sms,0.0
263,b2c_new,101,1,0,2485.03,0.0198,email,0.0
264,b2c_new,298,9,2,7277.77,0.2904,whatsapp,0.0
265,b2b,203,4,2,21012.63,0.2342,whatsapp,0.0
266,b2c_new,120,2,1,4313.65,0.2171,email,0.0
267,b2c_new,69,2,0,3245.37,0.2332,email,0.0
268,b2c_new,229,4,0,1186.18,0.1922,email,0.0
269,b2c_new,60,0,0,1064.92,0.1538,sms,0.0
270,b2c_new,264,9,1,1070.76,0.1014,email,0.0
271,b2c_new,1913,40,15,811.29,0.1657,whatsapp,0.0
272,b2c_new,606,12,4,3491.78,0.2,email,0.0
273,b2c_new,343,10,3,5031.11,0.0273,none,0.0
274,b2c_returning,166,2,0,2439.73,0.0596,email,0.0
275,b2c_returning,31,0,0,3161.78,0.3549,sms,0.0
276,b2c_new,54,2,0,2210.49,0.2005,none,0.0
277,b2c_new,571,12,6,2680.27,0.0835,email,0.0
278,b2c_returning,88,2,1,408.96,0.4482,whatsapp,0.0
279,b2c_returning,95,1,0,2243.55,0.0336,email,0.0
280,b2c_returning,155,6,0,1336.31,0.5925,sms,0.0
281,b2c_new,69,4,1,1750.1,0.0112,whatsapp,0.0
282,b2c_new,59,4,2,2108.17,0.1066,email,0.0
283,b2c_new,172,2,2,1090.75,0.1073,email,0.0
284,b2c_new,80,4,0,847.77,0.1571,email,0.0
285,b2c_returning,92,4,0,1067.82,0.1345,email,0.0
286,b2c_new,89,2,2,653.09,0.0284,sms,0.0
287,b2c_new,288,3,0,801.83,0.2744,whatsapp,0.0
288,b2c_new,146,7,2,882.73,0.2802,email,0.0
289,b2c_returning,153,3,0,659.17,0.2436,whatsapp,0.0
290,b2c_new,308,4,1,2606.29,0.1094,whatsapp,0.0
291,b2c_returning,158,3,1,958.33,0.1346,whatsapp,0.0
292,b2c_new,140,2,1,488.49,0.2666,none,0.0
293,b2b,274,13,3,47880.28,0.1807,whatsapp,0.0
294,b2c_new,328,5,1,825.75,0.2315,email,0.0
295,b2c_returning,157,4,1,4998.53,0.0478,email,0.0
296,b2b,193,6,1,27688.7,0.1298,whatsapp,0.0
297,b2b,89,2,0,160613.91,0.2968,email,0.0
298,b2c_returning,82,4,2,2680.15,0.2286,email,0.0
299,b2c_returning,359,4,2,1910.32,0.4317,whatsapp,0.0
300,b2c_returning,268,6,1,1523.12,0.0662,sms,0.0
301,b2c_returning,271,9,0,5419.59,0.3171,sms,0.0
302,b2c_new,231,5,0,909.3,0.3685,sms,0.0
303,b2c_returning,187,5,0,3715.04,0.2923,email,0.0
304,b2c_returning,336,6,0,1351.37,0.1974,email,0.0
305,b2c_returning,417,4,1,1777.02,0.2442,none,0.0
306,b2c_new,408,16,3,1064.93,0.2106,email,0.0
307,b2c_new,164,4,3,1113.53,0.2047,sms,0.0
308,b2c_returning,627,13,2,1326.52,0.2819,email,0.0
309,b2c_new,221,10,1,475.8,0.2374,email,0.0
310,b2c_new,318,6,1,2294.33,0.2246,email,0.0
311,b2c_new,232,6,2,1950.75,0.0314,email,0.0
312,b2c_new,224,3,1,630.9,0.0994,whatsapp,0.0
313,b2c_new,92,4,0,2856.95,0.1761,email,0.0
314,b2c_new,338,6,1,4991.47,0.0939,sms,0.0
315,b2c_new,2330,45,14,1130.46,0.3566,whatsapp,0.0
316,b2c_new,128,1,0,1039.2,0.2045,sms,0.0
317,b2c_new,191,3,0,3924.25,0.1516,email,0.0
318,b2c_returning,120,3,1,2387.06,0.4238,email,0.0
319,b2c_new,116,4,0,1636.63,0.1436,email,0.0
320,b2b,722,14,3,20745.99,0.1177,email,0.0
321,b2b,98,2,0,34132.96,0.2247,sms,0.0
322,b2c_new,117,3,1,4892.66,0.1019,sms,0.0
323,b2c_new,43,1,0,1779.01,0.0804,email,0.0
324,b2c_returning,91,1,0,2426.18,0.0151,email,0.0
325,b2c_returning,38,0,0,3882.31,0.2173,whatsapp,0.0
326,b2c_returning,317,4,2,324.43,0.2209,email,0.0
327,b2c_returning,2236,36,9,3981.9,0.1994,sms,0.0
328,b2c_returning,129,3,2,1263.91,0.1696,none,0.0
329,b2c_returning,40,1,0,2554.23,0.0297,whatsapp,0.0
330,b2c_new,404,9,1,5770.02,0.2821,email,0.0
331,b2c_returning,93,3,0,1453.04,0.1037,sms,0.0
332,b2c_new,579,15,2,1308.56,0.0908,none,0.0
333,b2c_returning,139,3,1,1732.33,0.0646,whatsapp,0.0
334,b2c_returning,101,2,0,651.28,0.429,whatsapp,0.0
335,b2c_new,153,5,2,8391.11,0.1064,whatsapp,0.0
336,b2c_returning,356,7,4,1747.22,0.3761,whatsapp,0.0
337,b2c_new,146,0,0,5695.63,0.0291,email,0.0
338,b2c_returning,115,3,0,1425.53,0.368,whatsapp,0.0
339,b2c_new,150,0,0,1843.36,0.5304,sms,0.0
340,b2b,57,2,0,38205.27,0.1952,sms,0.0
341,b2c_new,257,3,0,832.13,0.151,email,0.0
342,b2b,36,1,0,33900.93,0.3861,whatsapp,0.0
343,b2c_returning,120,2,0,3395.83,0.0852,email,0.0
344,b2c_returning,356,2,0,1550.63,0.0832,whatsapp,0.0
345,b2c_returning,236,5,1,1283.56,0.0427,none,0.0
346,b2c_returning,306,2,0,3929.24,0.183,email,0.0
347,b2b,169,1,0,39312.17,0.1603,email,0.0
348,b2c_new,515,15,3,5364.91,0.2444,sms,0.0
349,b2c_returning,413,11,6,1122.2,0.2626,sms,0.0
350,b2c_new,268,6,1,1199.93,0.1209,email,0.0
351,b2c_returning,414,14,8,1293.93,0.3445,whatsapp,0.0
352,b2c_new,353,5,2,2976.51,0.2369,whatsapp,0.0
353,b2c_returning,121,3,0,778.82,0.1616,email,0.0
354,b2c_returning,53,3,1,810.22,0.1378,sms,0.0
355,b2c_new,262,6,2,1091.72,0.2554,sms,0.0
356,b2c_returning,294,8,2,933.36,0.071,sms,0.0
357,b2c_returning,480,12,3,3342.9,0.454,none,0.0
358,b2c_returning,77,4,3,3188.87,0.2678,sms,0.0
359,b2c_new,79,3,0,1284.81,0.5431,email,0.0
360,b2c_returning,272,4,0,1571.58,0.384,sms,0.0
361,b2b,168,2,0,74191.73,0.0716,whatsapp,0.0
362,b2c_new,32,1,0,1306.81,0.2495,sms,0.0
363,b2c_new,252,16,11,4299.74,0.0529,email,0.0
364,b2c_new,33,4,1,1257.99,0.184,email,0.0
365,b2c_returning,76,1,0,837.8,0.129,whatsapp,0.0
366,b2c_new,607,14,2,4716.86,0.0854,email,0.0
367,b2c_returning,930,22,13,825.02,0.1624,email,0.0
368,b2c_returning,60,0,0,5312.32,0.1368,none,0.0
369,b2c_new,133,4,1,13589.88,0.0993,whatsapp,0.0
370,b2c_returning,187,2,1,1667.33,0.5522,email,0.0
371,b2c_returning,894,24,5,4299.21,0.2089,email,0.0
372,b2c_new,115,5,0,559.64,0.2872,sms,0.0
373,b2c_new,117,2,1,542.66,0.0315,whatsapp,0.0
374,b2c_new,725,12,1,1030.53,0.0848,email,0.0
375,b2c_new,128,2,0,3201.06,0.2767,whatsapp,0.0
376,b2c_new,344,6,3,1802.2,0.2096,email,0.0
377,b2b,47,1,0,86256.51,0.1929,email,0.0
378,b2c_new,154,3,1,729.21,0.0699,whatsapp,0.0
379,b2c_new,40,1,0,1646.48,0.0809,whatsapp,0.0
380,b2c_returning,69,2,0,1147.12,0.1295,whatsapp,0.0
381,b2c_returning,383,7,4,943.69,0.3893,email,0.0
382,b2b,172,3,1,12229.01,0.1657,sms,0.0
383,b2c_returning,135,4,1,2058.84,0.1613,email,0.0
384,b2c_new,91,0,0,1087.15,0.3274,email,0.0
385,b2c_new,147,2,0,1791.81,0.0713,sms,0.0
386,b2b,236,6,3,16576.48,0.1005,sms,0.0
387,b2c_returning,435,11,2,2559.94,0.0881,whatsapp,0.0
388,b2b,16,1,1,25072.3,0.2746,none,0.0
389,b2c_new,85,2,1,1530.86,0.3085,whatsapp,0.0
390,b2c_returning,207,6,4,2015.46,0.1238,whatsapp,0.0
391,b2c_returning,164,2,1,3461.51,0.1788,email,0.0
392,b2c_new,258,4,3,652.87,0.4873,whatsapp,0.0
393,b2c_returning,229,4,1,1886.03,0.2297,email,0.0
394,b2c_returning,136,3,0,721.94,0.2746,sms,0.0
395,b2c_new,112,2,1,1913.84,0.1429,email,0.0
396,b2c_new,144,4,2,1501.69,0.0522,sms,0.0
397,b2c_returning,506,10,1,1768.88,0.1901,whatsapp,0.0
398,b2c_new,93,1,0,3259.83,0.1782,email,0.0
399,b2c_new,170,4,1,3192.31,0.2173,whatsapp,0.0
400,b2c_new,212,5,2,3851.58,0.3881,none,0.0
401,b2c_new,733,21,9,1363.86,0.351,whatsapp,0.0
402,b2b,137,1,1,29615.89,0.1094,email,0.0
403,b2c_returning,426,8,2,2566.22,0.0171,whatsapp,0.0
404,b2c_new,545,16,5,1388.11,0.0721,email,0.0
405,b2b,169,3,0,22092.54,0.0534,email,0.0
406,b2c_returning,148,3,1,1640.92,0.1193,email,0.0
407,b2c_new,133,6,1,4778.88,0.0968,sms,0.0
408,b2c_returning,142,3,0,3173.83,0.3922,email,0.0
409,b2c_new,388,5,2,1422.88,0.2709,email,0.0
410,b2b,221,10,3,28347.55,0.1905,sms,0.0
411,b2c_returning,222,7,1,3518.79,0.3623,whatsapp,0.0
412,b2c_returning,65,0,1,4598.66,0.2264,whatsapp,0.0
413,b2c_new,75,2,0,2244.9,0.0351,whatsapp,0.0
414,b2c_returning,1238,35,8,2854.19,0.2075,email,0.0
415,b2c_new,153,4,2,4481.59,0.3055,whatsapp,0.0
416,b2c_new,89,0,1,1592.71,0.1297,whatsapp,0.0
417,b2c_new,652,10,1,1908.31,0.2485,email,0.0
418,b2c_returning,231,3,2,2530.7,0.3753,sms,0.0
419,b2c_new,302,11,3,1333.07,0.1997,email,0.0
420,b2b,158,6,2,71959.23,0.3897,sms,0.0
421,b2c_returning,135,4,0,1324.7,0.4348,whatsapp,0.0
422,b2c_new,154,4,2,1878.9,0.278,sms,0.0
423,b2c_new,51,2,0,6884.34,0.0294,email,0.0
424,b2c_new,166,3,1,488.97,0.1109,whatsapp,0.0
425,b2c_returning,234,1,0,2093.75,0.2995,whatsapp,0.0
426,b2c_returning,951,14,6,1133.59,0.119,whatsapp,0.0
427,b2c_new,194,5,0,1800.21,0.0407,sms,0.0
428,b2c_returning,22,0,0,773.89,0.0509,whatsapp,0.0
429,b2c_new,165,3,1,1388.43,0.2679,email,0.0
430,b2c_returning,2118,36,14,1831.49,0.3132,whatsapp,0.0
431,b2b,392,13,3,109470.44,0.0406,none,0.0
432,b2c_returning,86,1,0,3369.41,0.1148,whatsapp,0.0
433,b2c_returning,306,12,6,353.84,0.1269,email,0.0
434,b2c_returning,92,3,0,1648.19,0.2075,none,0.0
435,b2c_new,53,2,0,1592.81,0.0553,email,0.0
436,b2c_new,131,1,0,1720.8,0.3721,sms,0.0
437,b2c_new,195,4,2,1841.13,0.1221,whatsapp,0.0
438,b2c_returning,33,1,0,1006.73,0.2074,email,0.0
439,b2c_returning,63,1,0,609.5,0.3135,email,0.0
440,b2c_returning,181,2,0,2095.43,0.2181,sms,0.0
441,b2c_returning,124,5,1,897.46,0.2009,email,0.0
442,b2c_new,256,7,1,2386.21,0.2935,sms,0.0
443,b2c_returning,60,1,0,934.02,0.0426,whatsapp,0.0
444,b2c_new,342,4,1,2923.24,0.029,whatsapp,0.0
445,b2c_new,62,0,0,1732.68,0.2255,whatsapp,0.0
446,b2c_returning,789,17,3,1818.95,0.3003,none,0.0
447,b2b,38,1,0,29970.5,0.3404,none,0.0
448,b2c_returning,67,1,2,1354.06,0.2473,sms,0.0
449,b2c_new,262,11,1,1529.13,0.2383,email,0.0
450,b2c_returning,804,18,3,4116.25,0.4916,whatsapp,0.0
451,b2c_new,239,4,1,614.91,0.2046,none,0.0
452,b2c_returning,298,6,2,1143.5,0.2504,whatsapp,0.0
453,b2c_returning,182,4,1,3771.41,0.3916,whatsapp,0.0
454,b2c_new,71,0,0,3195.13,0.3354,whatsapp,0.0
455,b2c_new,115,0,0,4610.14,0.1111,sms,0.0
456,b2c_new,60,4,2,1726.88,0.3004,sms,0.0
457,b2b,56,2,0,73731.75,0.2124,email,0.0
458,b2c_new,258,7,2,828.86,0.0417,whatsapp,0.0
459,b2c_returning,65,3,0,1460.37,0.2041,email,0.0
460,b2c_returning,239,7,2,3065.7,0.2046,email,0.0
461,b2c_returning,55,0,0,1506.08,0.1239,email,0.0
462,b2c_new,235,6,2,1427.05,0.1642,sms,0.0
463,b2b,115,4,1,20963.96,0.1659,sms,0.0
464,b2c_new,638,13,4,1835.27,0.0822,whatsapp,0.0
465,b2c_returning,240,6,2,1322.3,0.1347,none,0.0
466,b2c_returning,547,17,7,892.91,0.0734,email,0.0
467,b2c_returning,91,4,0,3492.63,0.2316,email,0.0
468,b2b,189,2,0,21837.09,0.1151,email,0.0
469,b2c_new,74,4,0,858.48,0.1872,email,0.0
470,b2c_returning,124,1,0,1357.93,0.045,whatsapp,0.0
471,b2c_new,142,3,3,2871.02,0.1757,whatsapp,0.0
472,b2c_new,93,3,0,811.74,0.2486,email,0.0
473,b2c_new,60,0,0,2324.28,0.1042,whatsapp,0.0
474,b2c_new,50,1,0,1432.24,0.2623,whatsapp,0.0
475,b2c_new,21,1,0,768.02,0.0918,email,0.0
476,b2c_new,69,0,0,6245.91,0.3157,none,0.0
477,b2c_new,316,4,2,1417.34,0.6737,email,0.0
478,b2c_returning,42,1,1,2598.16,0.1693,email,0.0
479,b2c_returning,52,2,0,821.16,0.3553,sms,0.0
480,b2c_new,902,16,5,5335.72,0.1437,email,0.0
481,b2c_new,101,2,0,7035.42,0.2194,email,0.0
482,b2c_new,240,6,3,628.93,0.1829,email,0.0
483,b2c_returning,320,5,0,1604.15,0.1459,email,0.0
484,b2c_new,326,4,3,4559.94,0.3346,whatsapp,0.0
485,b2c_new,45,2,0,1296.78,0.3049,email,0.0
486,b2c_new,146,4,2,2397.19,0.3888,email,0.0
487,b2c_new,41,0,0,555.18,0.1845,whatsapp,0.0
488,b2c_new,1627,43,13,1036.63,0.1004,whatsapp,0.0
489,b2c_returning,42,1,0,2228.47,0.2816,whatsapp,0.0
490,b2c_returning,70,3,1,1191.44,0.2661,sms,0.0
491,b2c_returning,70,2,1,1398.52,0.116,whatsapp,0.0
492,b2c_returning,46,2,2,623.06,0.185,email,0.0
493,b2c_returning,608,15,4,2845.2,0.1905,whatsapp,0.0
494,b2c_new,1592,31,10,704.75,0.1498,sms,0.0
495,b2c_returning,117,3,1,5292.4,0.3269,none,0.0
496,b2c_returning,54,4,0,1116.17,0.373,email,0.0
497,b2c_new,24,0,0,3152.76,0.379,none,0.0
498,b2c_returning,144,5,2,2942.71,0.1306,whatsapp,0.0
499,b2c_new,135,2,1,903.24,0.0938,email,0.0
500,b2c_returning,100,3,0,1202.93,0.0252,sms,0.0
501,b2c_returning,219,4,2,1306.8,0.0363,email,0.0
502,b2c_returning,256,12,5,1370.3,0.0937,email,0.0
503,b2b,240,7,0,86028.32,0.1572,sms,0.0
504,b2c_returning,135,4,3,2615.6,0.3552,sms,0.0
505,b2c_returning,66,2,1,1111.45,0.09,sms,0.0
506,b2c_returning,327,4,1,1661.74,0.2213,email,0.0
507,b2c_new,182,5,3,3640.91,0.4095,email,0.0
508,b2c_returning,400,10,2,2685.98,0.1668,email,0.0
509,b2c_new,366,10,5,1165.18,0.1079,email,0.0
510,b2c_new,50,2,0,3730.12,0.1181,sms,0.0
511,b2c_new,49,0,0,2868.14,0.0905,email,0.0
512,b2c_returning,91,1,0,1098.23,0.338,whatsapp,0.0
513,b2c_new,69,3,0,1256.03,0.1084,whatsapp,0.0
514,b2c_new,355,7,2,3626.03,0.3625,none,0.0
515,b2c_new,246,2,1,3104.52,0.1622,email,0.0
516,b2c_new,484,5,1,628.76,0.2502,email,0.0
517,b2c_new,257,11,3,890.36,0.0796,email,0.0
518,b2c_returning,217,7,2,2928.68,0.3249,email,0.0
519,b2c_new,529,8,2,791.14,0.3731,none,0.0
520,b2c_returning,274,6,1,3162.12,0.0791,whatsapp,0.0
521,b2c_returning,191,5,0,6978.53,0.3217,none,0.0
522,b2c_new,682,16,8,2337.52,0.174,none,0.0
523,b2c_new,199,5,3,943.36,0.2814,sms,0.0
524,b2c_returning,136,1,0,2036.72,0.0303,sms,0.0
525,b2c_new,84,2,0,3713.65,0.158,email,0.0
526,b2c_new,338,6,1,1929.04,0.1391,whatsapp,0.0
527,b2b,548,13,4,42397.3,0.0998,whatsapp,0.0
528,b2b,171,6,3,52245.53,0.0956,email,0.0
529,b2c_returning,584,21,10,1084.61,0.047,none,0.0
530,b2c_new,30,1,2,3394.06,0.4744,whatsapp,0.0
531,b2c_returning,171,4,1,1093.46,0.1885,none,0.0
532,b2c_returning,173,3,1,294.48,0.357,email,0.0
533,b2c_new,93,1,0,1452.6,0.2695,whatsapp,0.0
534,b2c_returning,1538,32,13,2242.8,0.2452,whatsapp,0.0
535,b2c_new,169,4,1,3776.3,0.2783,email,0.0
536,b2c_new,124,3,0,5696.37,0.2472,email,0.0
537,b2c_returning,184,3,3,1909.95,0.3281,email,0.0
538,b2c_new,29,1,0,2854.28,0.3272,email,0.0
539,b2c_new,90,1,0,1958.59,0.1684,whatsapp,0.0
540,b2c_returning,436,6,0,2306.28,0.1799,whatsapp,0.0
541,b2b,102,4,1,44291.6,0.1896,none,0.0
542,b2c_returning,85,2,0,2359.14,0.1055,email,0.0
543,b2c_returning,584,15,4,1079.87,0.0756,whatsapp,0.0
544,b2b,601,19,6,50661.65,0.0255,email,0.0
545,b2c_new,286,7,0,337.54,0.132,email,0.0
546,b2c_new,119,2,0,2684.27,0.1601,whatsapp,0.0
547,b2c_new,145,7,0,2251.22,0.2021,none,0.0
548,b2c_new,87,1,0,2334.23,0.204,none,0.0
549,b2c_returning,73,1,1,786.48,0.1748,sms,0.0
550,b2c_new,70,0,0,556.04,0.1442,whatsapp,0.0
551,b2c_new,103,2,0,2750.63,0.2134,sms,0.0
552,b2c_new,70,5,0,4601.98,0.1249,whatsapp,0.0
553,b2c_new,44,0,0,2100.02,0.0699,email,0.0
554,b2b,219,7,2,9064.36,0.2145,email,0.0
555,b2c_new,222,7,1,1306.15,0.1085,none,0.0
556,b2c_new,831,24,3,2270.25,0.1803,email,0.0
557,b2c_new,98,2,2,4245.03,0.4525,whatsapp,0.0
558,b2c_new,234,8,4,1445.28,0.1512,email,0.0
559,b2c_returning,238,6,3,4127.98,0.1966,whatsapp,0.0
560,b2c_new,143,9,5,573.26,0.0703,none,0.0
561,b2c_new,351,6,1,1171.97,0.3871,email,0.0
562,b2c_new,361,3,2,2637.75,0.1923,sms,0.0
563,b2c_returning,241,5,0,6819.28,0.2099,whatsapp,0.0
564,b2c_returning,143,2,0,1818.08,0.0792,email,0.0
565,b2c_returning,130,3,0,872.88,0.0628,email,0.0
566,b2c_returning,52,0,0,6711.63,0.0572,email,0.0
567,b2c_returning,87,0,0,1647.88,0.1012,email,0.0
568,b2c_new,102,2,0,2866.61,0.2936,email,0.0
569,b2c_new,65,1,0,1424.31,0.4617,email,0.0
570,b2c_returning,267,8,1,1988.5,0.4195,email,0.0
571,b2c_new,528,12,2,1214.47,0.1844,none,0.0
572,b2c_returning,79,0,0,8741.98,0.0665,email,0.0
573,b2c_new,232,2,1,4143.95,0.1296,email,0.0
574,b2c_returning,70,2,4,6205.73,0.0649,whatsapp,0.0
575,b2c_returning,136,3,1,1036.51,0.1976,whatsapp,0.0
576,b2c_returning,96,3,0,501.71,0.185,sms,0.0
577,b2b,309,4,4,11025.17,0.088,sms,0.0
578,b2c_returning,97,1,0,10478.41,0.0898,email,0.0
579,b2c_returning,447,14,2,1436.88,0.1866,none,0.0
580,b2c_new,144,4,0,3758.57,0.1531,whatsapp,0.0
581,b2c_new,100,2,0,878.44,0.2535,email,0.0
582,b2c_returning,58,1,0,1007.51,0.3405,sms,0.0
583,b2c_new,226,5,0,1702.22,0.1265,whatsapp,0.0
584,b2c_new,402,10,3,7881.93,0.0349,whatsapp,0.0
585,b2b,230,5,3,38055.01,0.3611,email,0.0
586,b2c_returning,1350,28,10,427.65,0.4509,none,0.0
587,b2c_new,651,20,5,2870.53,0.3258,whatsapp,0.0
588,b2c_new,136,1,0,805.47,0.0797,sms,0.0
589,b2c_new,135,0,0,1117.05,0.0728,sms,0.0
590,b2c_new,274,2,1,2572.97,0.1999,sms,0.0
591,b2b,84,1,0,20383.62,0.1211,whatsapp,0.0
592,b2c_new,514,10,2,4628.68,0.3165,sms,0.0
593,b2c_new,249,6,4,2270.23,0.2456,whatsapp,0.0
594,b2c_returning,226,5,2,2292.67,0.1444,whatsapp,0.0
595,b2c_new,334,3,1,4618.8,0.3471,whatsapp,0.0
596,b2c_new,848,17,10,597.44,0.0734,email,0.0
597,b2c_returning,209,5,3,6468.44,0.3603,sms,0.0
598,b2c_returning,162,5,1,1075.3,0.1082,email,0.0
599,b2b,699,18,8,27105.04,0.3003,email,0.0
600,b2c_returning,429,7,2,1271.77,0.0854,whatsapp,0.0
601,b2c_new,134,2,1,801.38,0.169,sms,0.0
602,b2c_returning,180,4,1,2486.56,0.1976,email,0.0
603,b2b,214,4,1,25240.03,0.7377,whatsapp,0.0
604,b2c_returning,249,5,1,1671.98,0.1767,email,0.0
605,b2b,53,1,0,48538.44,0.4732,none,0.0
606,b2c_returning,44,1,1,5238.05,0.2692,whatsapp,0.0
607,b2c_returning,80,1,0,8354.07,0.0475,email,0.0
608,b2c_new,75,1,0,4326.76,0.5185,whatsapp,0.0
609,b2c_returning,100,1,1,2185.78,0.1047,email,0.0
610,b2c_new,318,8,3,572.18,0.0525,email,0.0
611,b2c_returning,154,1,1,2792.1,0.2853,sms,0.0
612,b2c_returning,214,6,1,2879.91,0.1552,email,0.0
613,b2b,59,2,1,38304.25,0.1104,whatsapp,0.0
614,b2b,118,0,0,71499.26,0.1532,none,0.0
615,b2c_new,305,12,2,3263.6,0.1236,whatsapp,0.0
616,b2c_returning,307,8,3,5370.37,0.2166,sms,0.0
617,b2c_returning,93,2,1,904.79,0.0714,email,0.0
618,b2c_new,208,4,0,2906.78,0.0779,email,0.0
619,b2c_new,1302,15,2,1019.74,0.1765,email,0.0
620,b2c_new,177,3,0,1673.3,0.3078,none,0.0
621,b2c_returning,96,1,1,926.54,0.0116,email,0.0
622,b2c_new,153,4,0,1408.17,0.1793,email,0.0
623,b2b,195,5,4,23678.63,0.2092,whatsapp,0.0
624,b2c_new,157,3,0,2402.19,0.131,whatsapp,0.0
625,b2b,174,4,0,34341.16,0.1401,none,0.0
626,b2c_new,49,3,0,4216.95,0.2273,none,0.0
627,b2c_returning,75,2,0,1140.44,0.1409,sms,0.0
628,b2c_new,157,4,0,2315.66,0.2383,none,0.0
629,b2c_returning,155,1,0,834.5,0.1394,none,0.0
630,b2c_returning,108,0,0,1665.8,0.1377,whatsapp,0.0
631,b2b,153,3,2,20480.24,0.1633,none,0.0
632,b2c_returning,190,4,2,943.66,0.2413,whatsapp,0.0
633,b2c_new,400,6,1,2662.22,0.0946,email,0.0
634,b2c_new,164,8,2,1614.07,0.1624,whatsapp,0.0
635,b2c_new,257,4,0,2005.4,0.2124,email,0.0
636,b2c_new,110,1,1,4241.61,0.0471,none,0.0
637,b2c_returning,301,5,1,1334.31,0.2023,sms,0.0
638,b2c_returning,252,4,0,3263.91,0.1561,sms,0.0
639,b2c_returning,392,6,1,4942.15,0.4912,whatsapp,0.0
640,b2c_returning,342,8,3,4734.66,0.1225,sms,0.0
641,b2c_returning,305,8,2,1577.9,0.0343,email,0.0
642,b2c_returning,164,6,1,911.12,0.0837,whatsapp,0.0
643,b2c_new,224,8,2,1095.09,0.0382,email,0.0
644,b2c_new,468,12,3,592.8,0.1093,whatsapp,0.0
645,b2c_returning,100,2,0,2909.55,0.1959,none,0.0
646,b2c_returning,102,5,4,3038.75,0.2317,sms,0.0
647,b2c_new,211,5,0,1954.17,0.0932,whatsapp,0.0
648,b2c_returning,261,5,1,686.94,0.3982,email,0.0
649,b2c_returning,85,2,1,1393.88,0.1669,whatsapp,0.0
650,b2c_new,168,4,1,4730.2,0.0107,sms,0.0
651,b2c_new,165,6,1,2758.13,0.1127,email,0.0
652,b2c_returning,24,1,0,3114.04,0.0513,whatsapp,0.0
653,b2c_returning,147,4,1,18236.56,0.1931,sms,0.0
654,b2c_new,156,3,1,2264.69,0.3543,whatsapp,0.0
655,b2c_returning,155,7,3,397.22,0.1189,sms,0.0
656,b2c_new,643,13,6,832.78,0.0969,none,0.0
657,b2c_returning,60,1,0,2229.27,0.4086,whatsapp,0.0
658,b2c_new,85,1,0,1823.77,0.2148,whatsapp,0.0
659,b2c_returning,17,0,0,1595.83,0.1334,email,0.0
660,b2c_new,116,3,0,1615.56,0.2544,whatsapp,0.0
661,b2c_new,126,1,1,1039.44,0.1588,sms,0.0
662,b2c_returning,113,1,0,2338.38,0.1791,whatsapp,0.0
663,b2c_new,487,7,2,4777.13,0.3748,whatsapp,0.0
664,b2c_new,390,5,4,6052.21,0.2024,whatsapp,0.0
665,b2c_new,193,6,0,5933.27,0.4329,sms,0.0
666,b2c_returning,128,0,0,921.83,0.1819,whatsapp,0.0
667,b2c_returning,453,8,3,1774.76,0.3944,whatsapp,0.0
668,b2b,176,2,1,110515.07,0.0365,whatsapp,0.0
669,b2c_new,86,0,0,2724.18,0.1655,none,0.0
670,b2c_new,38,0,0,1698.76,0.0525,email,0.0
671,b2c_new,120,3,2,1537.02,0.0568,sms,0.0
672,b2c_returning,355,8,4,4982.8,0.2282,email,0.0
673,b2b,1396,29,6,68394.34,0.1929,whatsapp,0.0
674,b2c_returning,190,5,1,1963.47,0.0901,sms,0.0
675,b2c_returning,90,3,0,2403.81,0.2546,whatsapp,0.0
676,b2c_new,61,0,0,2889.61,0.0501,email,0.0
677,b2b,295,7,1,156386.36,0.4263,whatsapp,0.0
678,b2c_new,36,0,0,5334.97,0.0762,email,0.0
679,b2c_new,295,3,1,731.88,0.3004,sms,0.0
680,b2c_new,375,6,0,2258.97,0.052,sms,0.0
681,b2c_new,266,9,7,1675.52,0.2217,whatsapp,0.0
682,b2c_new,147,3,1,1458.15,0.3029,sms,0.0
683,b2c_new,299,3,1,3059.44,0.0965,whatsapp,0.0
684,b2c_new,209,4,0,4460.97,0.2202,email,0.0
685,b2c_returning,89,0,0,1189.53,0.0811,whatsapp,0.0
686,b2c_new,951,24,8,5862.89,0.2388,sms,0.0
687,b2c_new,131,6,2,660.76,0.0392,email,0.0
688,b2b,361,7,1,41041.18,0.2141,whatsapp,0.0
689,b2c_returning,20,1,0,964.94,0.2861,none,0.0
690,b2c_returning,567,11,2,1148.6,0.1314,email,0.0
691,b2c_new,675,13,4,1877.31,0.1808,email,0.0
692,b2c_returning,184,4,1,1361.53,0.1405,whatsapp,0.0
693,b2c_new,297,8,0,242.56,0.1287,none,0.0
694,b2c_new,297,8,1,2761.61,0.077,sms,0.0
695,b2b,100,2,1,44077.56,0.294,whatsapp,0.0
696,b2c_returning,294,7,0,1608.08,0.2421,email,0.0
697,b2c_returning,86,2,0,1522.02,0.4185,email,0.0
698,b2c_returning,104,5,1,1386.47,0.0966,email,0.0
699,b2c_returning,496,16,4,543.22,0.2568,whatsapp,0.0
700,b2c_new,432,9,2,504.44,0.169,whatsapp,0.0
701,b2c_new,95,3,0,3159.23,0.2257,whatsapp,0.0
702,b2c_new,93,4,2,3792.7,0.551,email,0.0
703,b2c_new,100,1,1,2733.46,0.3391,email,0.0
704,b2c_returning,348,9,0,2347.3,0.0551,sms,0.0
705,b2c_new,73,2,0,3113.32,0.0129,sms,0.0
706,b2c_returning,248,2,1,2971.49,0.1946,sms,0.0
707,b2c_returning,352,7,2,1038.92,0.1399,whatsapp,0.0
708,b2c_returning,166,5,1,2103.3,0.0582,sms,0.0
709,b2c_new,446,12,3,1463.07,0.3525,whatsapp,0.0
710,b2c_new,136,6,2,1476.66,0.2043,whatsapp,0.0
711,b2b,148,4,1,47277.02,0.1119,email,0.0
712,b2c_returning,74,1,1,5419.75,0.105,whatsapp,0.0
713,b2c_returning,449,6,4,348.31,0.0857,sms,0.0
714,b2b,90,3,1,24727.16,0.1933,sms,0.0
715,b2c_returning,246,3,0,1451.48,0.1785,whatsapp,0.0
716,b2c_new,168,0,0,4058.51,0.3068,none,0.0
717,b2c_returning,69,2,0,652.15,0.2116,email,0.0
718,b2c_new,104,2,1,222.04,0.336,email,0.0
719,b2c_returning,624,10,0,3197.73,0.1918,whatsapp,0.0
720,b2b,215,5,2,78649.5,0.1973,sms,0.0
721,b2c_returning,72,4,0,516.33,0.1446,whatsapp,0.0
722,b2c_new,236,6,0,1649.88,0.0879,sms,0.0
723,b2c_new,157,2,1,5253.6,0.0456,none,0.0
724,b2b,3650,32,9,31324.6,0.1964,email,0.0
725,b2c_new,232,4,1,1931.94,0.2394,none,0.0
726,b2c_new,127,2,1,2568.6,0.3395,whatsapp,0.0
727,b2c_new,646,13,2,662.62,0.19,none,0.0
728,b2c_new,34,1,1,1213.0,0.2557,email,0.0
729,b2c_new,195,4,0,551.12,0.2644,sms,0.0
730,b2c_returning,1083,26,4,1604.18,0.1435,email,0.0
731,b2c_new,162,6,2,1034.68,0.3161,whatsapp,0.0
732,b2c_new,37,0,0,2081.66,0.1059,email,0.0
733,b2c_new,126,4,0,2807.13,0.0815,sms,0.0
734,b2c_new,666,19,7,4758.0,0.206,email,0.0
735,b2c_new,252,5,2,9210.86,0.2487,whatsapp,0.0
736,b2c_returning,84,2,0,2081.68,0.1289,whatsapp,0.0
737,b2c_new,97,1,2,1442.23,0.0493,email,0.0
738,b2c_new,108,3,0,1384.75,0.0411,whatsapp,0.0
739,b2c_new,249,6,1,916.11,0.2651,email,0.0
740,b2c_new,600,10,4,2463.28,0.0991,none,0.0
741,b2c_new,464,9,2,1273.0,0.1436,whatsapp,0.0
742,b2c_new,271,5,1,2586.8,0.4719,email,0.0
743,b2c_returning,54,2,0,936.76,0.0407,email,0.0
744,b2c_new,54,1,0,1298.92,0.0986,whatsapp,0.0
745,b2c_returning,290,9,4,2436.19,0.3557,whatsapp,0.0
746,b2c_new,53,3,2,1649.3,0.1304,none,0.0
747,b2c_new,146,1,0,469.34,0.0744,sms,0.0
748,b2c_new,236,5,4,1780.96,0.3884,sms,0.0
749,b2c_returning,64,3,2,1026.9,0.2348,email,0.0
750,b2c_returning,71,2,0,4115.61,0.1843,email,0.0
751,b2c_new,165,2,0,3552.19,0.0875,none,0.0
752,b2c_new,283,8,4,364.12,0.4372,none,0.0
753,b2c_new,467,6,0,3154.52,0.1835,sms,0.0
754,b2c_new,310,5,3,2363.86,0.1798,email,0.0
755,b2c_returning,192,8,0,636.96,0.1512,whatsapp,0.0
756,b2c_new,91,3,0,3328.8,0.0858,sms,0.0
757,b2c_new,68,2,1,734.82,0.1467,whatsapp,0.0
758,b2b,113,1,1,33591.08,0.2025,whatsapp,0.0
759,b2c_new,260,7,2,1145.06,0.1467,whatsapp,0.0
760,b2c_new,243,6,2,621.98,0.2437,sms,0.0
761,b2c_returning,27,1,0,7943.15,0.1139,whatsapp,0.0
762,b2c_new,88,2,0,609.79,0.3778,whatsapp,0.0
763,b2c_new,532,15,4,1023.85,0.2494,whatsapp,0.0
764,b2c_new,193,3,0,1174.5,0.1699,whatsapp,0.0
765,b2b,50,1,0,106457.41,0.3935,whatsapp,0.0
766,b2c_new,1499,33,6,2935.66,0.0885,email,0.0
767,b2c_new,175,5,0,1874.47,0.1934,email,0.0
768,b2c_new,254,6,2,3635.69,0.2416,email,0.0
769,b2c_new,257,8,6,2335.27,0.1849,whatsapp,0.0
770,b2c_returning,129,4,2,558.05,0.4011,email,0.0
771,b2c_new,93,2,0,2645.04,0.0304,sms,0.0
772,b2c_returning,1214,28,5,2120.07,0.2489,email,0.0
773,b2c_returning,444,13,6,1162.47,0.2645,none,0.0
774,b2c_returning,377,9,2,7685.95,0.2213,whatsapp,0.0
775,b2c_new,302,11,3,2755.59,0.3373,email,0.0
776,b2c_returning,72,1,0,3479.87,0.1187,sms,0.0
777,b2c_returning,568,11,1,3565.8,0.0697,email,0.0
778,b2c_new,84,3,2,1341.45,0.2835,whatsapp,0.0
779,b2c_returning,232,6,1,2804.31,0.2413,whatsapp,0.0
780,b2c_returning,41,0,0,2245.67,0.2363,whatsapp,0.0
781,b2c_new,28,0,0,1218.8,0.0894,sms,0.0
782,b2b,239,3,0,57342.64,0.2139,none,0.0
783,b2c_new,86,5,2,1830.79,0.2599,email,0.0
784,b2c_returning,30,0,0,2714.58,0.2679,whatsapp,0.0
785,b2b,292,12,6,57264.56,0.106,sms,0.0
786,b2c_new,1213,22,6,1584.34,0.6594,sms,0.0
787,b2c_returning,628,8,0,1834.8,0.2113,email,0.0
788,b2c_new,142,5,0,1472.41,0.149,email,0.0
789,b2c_returning,181,6,0,5324.45,0.3104,whatsapp,0.0
790,b2c_returning,400,8,2,2174.84,0.0166,whatsapp,0.0
791,b2c_new,494,12,7,1280.52,0.1373,none,0.0
792,b2c_new,132,1,1,507.72,0.1633,whatsapp,0.0
793,b2c_new,185,8,2,1567.91,0.1867,email,0.0
794,b2c_new,235,7,2,1202.03,0.0897,email,0.0
795,b2c_new,296,8,2,1171.18,0.1041,whatsapp,0.0
796,b2c_new,159,2,0,3482.03,0.1203,email,0.0
797,b2c_new,161,5,4,1903.32,0.1345,email,0.0
798,b2c_new,623,10,5,554.37,0.2229,sms,0.0
799,b2c_returning,534,9,1,2775.88,0.1118,whatsapp,0.0
800,b2c_returning,276,6,2,594.74,0.2091,whatsapp,0.0
801,b2c_returning,845,16,4,2924.46,0.1034,email,0.0
802,b2c_new,127,2,0,1290.76,0.4769,whatsapp,0.0
803,b2c_returning,775,23,5,1912.9,0.1123,none,0.0
804,b2c_returning,293,9,3,1768.89,0.1272,whatsapp,0.0
805,b2c_new,3418,52,24,1622.71,0.1001,email,0.0
806,b2c_new,61,2,1,2084.34,0.0351,whatsapp,0.0
807,b2c_returning,96,1,0,1906.19,0.0356,sms,0.0
808,b2c_new,262,6,2,6663.18,0.0791,email,0.0
809,b2c_returning,257,6,1,2105.49,0.2151,whatsapp,0.0
810,b2b,1041,24,6,53760.95,0.033,none,0.0
811,b2c_new,98,1,0,1095.4,0.0466,sms,0.0
812,b2c_new,406,7,2,2349.99,0.2332,email,0.0
813,b2b,512,11,3,94343.67,0.1393,email,0.0
814,b2c_returning,339,8,1,4026.41,0.2793,whatsapp,0.0
815,b2c_new,75,1,0,636.83,0.2734,whatsapp,0.0
816,b2c_returning,639,12,5,997.23,0.2969,email,0.0
817,b2c_returning,544,15,2,575.45,0.0736,email,0.0
818,b2c_returning,308,7,1,2414.61,0.0846,none,0.0
819,b2c_returning,216,8,4,1337.87,0.0506,whatsapp,0.0
820,b2c_new,220,5,2,2909.37,0.2238,none,0.0
821,b2c_new,167,1,0,909.26,0.1468,email,0.0
822,b2c_returning,320,6,1,2611.23,0.0826,none,0.0
823,b2c_new,185,6,4,2701.14,0.0835,email,0.0
824,b2c_returning,83,4,1,2087.66,0.1993,sms,0.0
825,b2c_returning,70,2,0,1839.32,0.3751,sms,0.0
826,b2c_new,91,0,0,1981.44,0.1474,none,0.0
827,b2c_returning,219,6,1,951.52,0.2455,email,0.0
828,b2c_new,175,1,0,847.98,0.1381,none,0.0
829,b2c_returning,218,2,1,2633.98,0.3745,none,0.0
830,b2c_new,282,5,0,1390.56,0.4756,none,0.0
831,b2c_returning,102,8,4,2472.33,0.2233,sms,0.0
832,b2c_returning,673,16,2,5330.68,0.1441,sms,0.0
833,b2c_new,141,0,0,1307.05,0.204,email,0.0
834,b2c_returning,121,4,1,1182.61,0.338,sms,0.0
835,b2c_returning,277,9,5,1434.46,0.1041,email,0.0
836,b2c_returning,34,0,0,1849.78,0.1388,whatsapp,0.0
837,b2c_returning,88,4,2,2766.78,0.2421,whatsapp,0.0
838,b2b,435,20,8,27122.28,0.2235,none,0.0
839,b2c_new,37,2,0,7711.94,0.3321,sms,0.0
840,b2c_returning,492,6,0,2416.65,0.3322,sms,0.0
841,b2c_new,701,24,5,3109.19,0.3142,sms,0.0
842,b2c_returning,129,5,0,1754.15,0.5573,none,0.0
843,b2c_returning,234,5,4,3654.9,0.183,email,0.0
844,b2c_new,492,8,4,1559.08,0.031,email,0.0
845,b2c_new,118,2,0,1146.63,0.0312,email,0.0
846,b2c_returning,393,12,2,3392.37,0.5086,whatsapp,0.0
847,b2c_new,98,2,1,1729.24,0.1757,sms,0.0
848,b2c_returning,117,4,2,2137.15,0.158,none,0.0
849,b2c_new,87,3,0,3579.08,0.4231,none,0.0
850,b2b,245,7,2,50279.13,0.1836,whatsapp,0.0
851,b2c_new,510,13,1,1621.44,0.1148,sms,0.0
852,b2c_new,152,5,2,1237.4,0.3085,none,0.0
853,b2c_returning,57,3,2,3784.69,0.3554,sms,0.0
854,b2b,67,2,0,104557.83,0.2937,sms,0.0
855,b2c_new,256,11,0,1736.75,0.2182,sms,0.0
856,b2c_new,946,28,8,2200.36,0.2154,whatsapp,0.0
857,b2c_returning,256,5,4,2194.02,0.1683,email,0.0
858,b2c_returning,127,2,0,3659.68,0.2296,sms,0.0
859,b2c_new,358,6,3,1714.14,0.32,none,0.0
860,b2c_returning,145,3,1,4717.39,0.2016,email,0.0
861,b2c_returning,128,3,0,1512.34,0.145,email,0.0
862,b2c_returning,75,3,0,2333.38,0.0094,none,0.0
863,b2c_returning,639,8,0,1582.72,0.141,whatsapp,0.0
864,b2c_returning,18,0,0,7791.12,0.3685,email,0.0
865,b2c_new,369,14,3,1408.24,0.0419,sms,0.0
866,b2b,118,0,0,23733.81,0.1815,email,0.0
867,b2c_returning,124,1,0,1950.54,0.0885,email,0.0
868,b2c_returning,825,21,6,1493.38,0.1716,email,0.0
869,b2c_new,94,2,1,2243.26,0.1071,email,0.0
870,b2c_new,97,3,1,4255.23,0.1786,whatsapp,0.0
871,b2c_returning,160,4,0,1995.51,0.2288,email,0.0
872,b2c_new,261,5,2,2047.82,0.1349,email,0.0
873,b2b,120,4,3,28557.38,0.1691,email,0.0
874,b2c_new,43,1,0,1263.94,0.2109,email,0.0
875,b2c_returning,82,2,0,1925.83,0.0411,whatsapp,0.0
876,b2c_returning,570,9,4,1809.6,0.3454,whatsapp,0.0
877,b2c_new,192,3,4,4092.15,0.2195,none,0.0
878,b2c_new,270,10,1,919.83,0.2417,email,0.0
879,b2c_returning,142,2,0,4982.65,0.2023,email,0.0
880,b2c_returning,99,0,0,1624.2,0.279,whatsapp,0.0
881,b2c_new,814,12,2,1997.23,0.0281,email,0.0
882,b2c_returning,151,1,0,854.19,0.2977,sms,0.0
883,b2b,120,2,2,47200.51,0.1122,whatsapp,0.0
884,b2c_new,482,15,9,918.93,0.2921,sms,0.0
885,b2c_new,93,1,0,2337.68,0.0572,sms,0.0
886,b2c_new,105,4,4,2183.17,0.0943,sms,0.0
887,b2c_new,181,0,0,1433.12,0.3234,sms,0.0
888,b2c_new,180,7,1,424.05,0.0947,email,0.0
889,b2c_new,227,6,3,8168.0,0.3043,email,0.0
890,b2c_returning,1182,28,8,860.58,0.2308,whatsapp,0.0
891,b2c_new,243,4,0,2178.66,0.0644,email,0.0
892,b2b,21,0,0,37998.76,0.3408,email,0.0
893,b2c_new,241,6,3,3748.62,0.2317,sms,0.0
894,b2c_new,186,2,0,1380.09,0.0746,sms,0.0
895,b2c_returning,187,3,0,1063.33,0.2604,email,0.0
896,b2c_returning,224,3,3,2730.26,0.2333,whatsapp,0.0
897,b2c_new,175,4,3,738.91,0.0204,email,0.0
898,b2c_new,171,1,0,1347.82,0.0891,whatsapp,0.0
899,b2c_new,312,7,2,2918.17,0.1521,none,0.0
900,b2c_returning,110,1,0,5168.47,0.0985,email,0.0
901,b2c_new,76,1,1,917.68,0.1445,email,0.0
902,b2c_new,2736,44,15,1173.15,0.1975,email,0.0
903,b2c_new,94,1,1,2303.16,0.2406,whatsapp,0.0
904,b2c_new,196,5,1,444.68,0.1625,none,0.0
905,b2b,46,2,0,120302.57,0.1007,whatsapp,0.0
906,b2c_returning,199,5,4,894.17,0.285,none,0.0
907,b2c_new,77,1,1,1325.25,0.2063,whatsapp,0.0
908,b2c_new,120,2,0,2160.58,0.1731,whatsapp,0.0
909,b2c_new,461,13,5,1865.73,0.2291,none,0.0
910,b2c_new,275,3,0,916.91,0.0487,sms,0.0
911,b2c_returning,300,7,1,6006.29,0.4093,sms,0.0
912,b2c_returning,36,0,0,296.77,0.0604,whatsapp,0.0
913,b2b,940,22,7,22682.83,0.5106,whatsapp,0.0
914,b2b,61,0,1,31947.15,0.0746,sms,0.0
915,b2b,712,12,2,27453.7,0.2955,sms,0.0
916,b2b,451,7,2,59514.64,0.3086,email,0.0
917,b2c_new,302,4,1,563.8,0.2444,email,0.0
918,b2c_new,83,0,0,5354.89,0.2135,sms,0.0
919,b2c_new,206,4,2,1481.56,0.1315,sms,0.0
920,b2c_returning,117,4,2,694.28,0.1875,email,0.0
921,b2c_new,184,3,0,413.6,0.2936,email,0.0
922,b2c_returning,143,11,1,1548.36,0.1147,email,0.0
923,b2c_returning,28,1,0,1101.21,0.3043,whatsapp,0.0
924,b2c_returning,494,8,3,2124.07,0.2755,whatsapp,0.0
925,b2c_new,167,3,2,1313.09,0.2436,email,0.0
926,b2c_new,116,2,0,3514.33,0.0644,whatsapp,0.0
927,b2c_new,108,2,1,1629.12,0.0696,sms,0.0
928,b2c_returning,248,6,5,1337.83,0.0552,whatsapp,0.0
929,b2c_returning,80,5,0,3557.52,0.2803,whatsapp,0.0
930,b2c_returning,23,0,0,2111.73,0.2009,sms,0.0
931,b2c_new,259,3,1,3095.75,0.1106,email,0.0
932,b2c_new,287,4,1,4022.28,0.1465,whatsapp,0.0
933,b2c_new,150,3,0,1465.4,0.2242,email,0.0
934,b2c_returning,64,2,1,1848.84,0.2191,none,0.0
935,b2c_returning,194,2,1,3249.33,0.0818,none,0.0
936,b2c_new,48,1,0,323.79,0.3746,email,0.0
937,b2b,71,2,1,25616.32,0.0075,whatsapp,0.0
938,b2c_new,91,0,0,1537.84,0.204,none,0.0
939,b2c_returning,384,12,11,2338.77,0.2817,none,0.0
940,b2c_new,129,2,1,1027.38,0.1208,email,0.0
941,b2c_new,120,3,1,3875.21,0.1727,email,0.0
942,b2c_returning,1045,25,5,1073.96,0.0806,sms,0.0
943,b2c_new,247,4,1,1305.35,0.1269,whatsapp,0.0
944,b2c_new,244,5,1,1130.54,0.4193,email,0.0
945,b2c_new,129,5,3,4257.59,0.2746,email,0.0
946,b2c_new,105,3,0,418.07,0.1481,sms,0.0
947,b2c_returning,25,0,0,6287.75,0.0785,email,0.0
948,b2c_returning,430,8,1,5048.78,0.1361,sms,0.0
949,b2c_returning,269,10,2,1212.13,0.201,email,0.0
950,b2c_new,153,3,1,3693.72,0.1358,sms,0.0
951,b2c_returning,159,2,1,1971.61,0.1491,whatsapp,0.0
952,b2c_new,349,7,2,5724.9,0.0057,sms,0.0
953,b2c_new,44,1,0,3501.68,0.1838,email,0.0
954,b2c_new,105,1,0,8356.07,0.1563,sms,0.0
955,b2b,64,0,0,43082.36,0.3308,email,0.0
956,b2c_returning,886,17,1,2057.99,0.1299,email,0.0
957,b2c_returning,395,9,3,538.44,0.2608,whatsapp,0.0
958,b2c_returning,24,0,0,1251.93,0.2985,whatsapp,0.0
959,b2c_new,46,0,0,8693.22,0.2749,email,0.0
960,b2c_returning,159,1,0,2498.09,0.181,none,0.0
961,b2c_returning,117,3,1,3585.74,0.2171,whatsapp,0.0
962,b2c_new,54,2,0,2579.37,0.2969,none,0.0
963,b2c_new,1036,21,8,2467.26,0.1481,sms,0.0
964,b2c_new,238,3,0,1248.75,0.1995,sms,0.0
965,b2b,275,2,0,30312.39,0.1019,whatsapp,0.0
966,b2c_new,96,2,0,1225.53,0.3364,whatsapp,0.0
967,b2b,344,11,2,46906.08,0.2456,whatsapp,0.0
968,b2c_new,127,0,0,1699.54,0.066,sms,0.0
969,b2c_returning,139,0,0,2129.06,0.2193,email,0.0
970,b2c_new,311,3,0,1166.88,0.2425,whatsapp,0.0
971,b2c_new,41,2,0,1642.65,0.382,sms,0.0
972,b2c_new,757,17,2,2599.5,0.3401,whatsapp,0.0
973,b2c_new,212,5,1,3343.94,0.2356,sms,0.0
974,b2b,570,17,4,15977.11,0.0518,sms,0.0
975,b2c_new,68,2,0,1031.94,0.1794,whatsapp,0.0
976,b2c_returning,78,0,0,3049.14,0.2019,whatsapp,0.0
977,b2c_new,63,1,1,2718.53,0.1578,email,0.0
978,b2c_new,225,5,5,4612.94,0.3335,email,0.0
979,b2c_returning,191,1,0,4480.95,0.3003,email,0.0
980,b2c_new,118,2,0,9759.08,0.2697,whatsapp,0.0
981,b2b,72,3,2,59926.68,0.3494,sms,0.0
982,b2c_returning,57,0,0,5434.58,0.2271,email,0.0
983,b2c_returning,172,2,0,945.33,0.2139,email,0.0
984,b2c_new,118,2,1,9617.88,0.2614,whatsapp,0.0
985,b2c_new,97,3,0,2474.59,0.0327,email,0.0
986,b2b,724,15,5,32802.69,0.1539,sms,0.0
987,b2c_new,167,4,2,3599.28,0.1056,sms,0.0
988,b2c_new,564,14,1,697.0,0.2691,sms,0.0
989,b2c_new,111,2,1,848.28,0.3447,email,0.0
990,b2c_returning,224,8,1,1951.81,0.188,whatsapp,0.0
991,b2c_returning,171,2,0,2292.84,0.0251,email,0.0
992,b2c_returning,39,1,0,7733.6,0.6175,whatsapp,0.0
993,b2c_returning,650,14,2,926.21,0.2067,sms,0.0
994,b2c_new,159,5,1,5290.55,0.2706,sms,0.0
995,b2b,352,11,3,33076.23,0.3973,sms,0.0
996,b2c_new,91,0,0,1480.12,0.5269,none,0.0
997,b2c_returning,155,2,0,1604.96,0.1834,email,0.0
998,b2c_new,82,3,0,1453.67,0.4546,email,0.0
999,b2b,547,11,2,104147.07,0.1766,sms,0.0
1000,b2c_new,238,4,1,1365.23,0.0259,sms,0.0
1001,b2c_new,250,5,1,670.63,0.2724,email,0.0
1002,b2c_new,611,14,2,1492.3,0.5372,none,0.0
1003,b2c_new,509,7,3,2477.96,0.0199,email,0.0
1004,b2c_new,358,8,1,674.46,0.0887,none,0.0
1005,b2c_returning,50,0,0,2704.91,0.4512,sms,0.0
1006,b2c_new,96,4,0,4112.99,0.4231,whatsapp,0.0
1007,b2b,72,1,0,49428.41,0.0895,whatsapp,0.0
1008,b2c_new,346,11,3,2279.95,0.3257,email,0.0
1009,b2c_returning,209,6,1,508.92,0.2506,sms,0.0
1010,b2c_new,51,1,0,2832.39,0.1469,email,0.0
1011,b2c_returning,151,3,1,3542.41,0.2325,email,0.0
1012,b2c_returning,46,2,0,1105.41,0.1651,whatsapp,0.0
1013,b2c_new,171,6,2,1710.71,0.2015,email,0.0
1014,b2b,40,1,1,28334.43,0.1119,whatsapp,0.0
1015,b2c_new,289,3,3,6289.42,0.2116,sms,0.0
1016,b2c_new,252,6,1,1504.85,0.3403,none,0.0
1017,b2c_returning,1002,18,2,3359.08,0.0716,none,0.0
1018,b2c_returning,386,12,5,2246.1,0.1046,email,0.0
1019,b2c_new,123,3,1,2069.66,0.0397,whatsapp,0.0
1020,b2c_new,375,6,0,4568.18,0.1543,email,0.0
1021,b2c_returning,51,0,0,1005.81,0.093,sms,0.0
1022,b2c_returning,75,3,4,2115.03,0.0355,whatsapp,0.0
1023,b2b,242,6,3,130697.82,0.0948,email,0.0
1024,b2c_returning,25,0,0,626.84,0.3148,whatsapp,0.0
1025,b2c_returning,174,2,2,4265.65,0.3996,email,0.0
1026,b2c_new,71,1,1,3215.87,0.3786,whatsapp,0.0
1027,b2b,197,8,7,46918.36,0.3658,sms,0.0
1028,b2c_new,68,2,0,1499.03,0.1478,email,0.0
1029,b2c_returning,263,6,1,1800.28,0.151,email,0.0
1030,b2c_new,183,6,1,2953.37,0.4238,whatsapp,0.0
1031,b2c_returning,634,23,3,1867.9,0.2515,whatsapp,0.0
1032,b2c_returning,181,4,1,1128.1,0.0997,whatsapp,0.0
1033,b2c_returning,90,2,1,1253.36,0.4978,sms,0.0
1034,b2b,144,2,2,57372.31,0.0986,sms,0.0
1035,b2c_new,53,0,0,937.04,0.3976,whatsapp,0.0
1036,b2c_returning,259,5,1,2273.03,0.3002,email,0.0
1037,b2c_new,306,1,0,1033.21,0.3171,email,0.0
1038,b2c_new,1661,38,12,922.89,0.1103,email,0.0
1039,b2c_new,102,1,0,16826.9,0.1495,whatsapp,0.0
1040,b2c_new,141,3,1,6998.41,0.1077,sms,0.0
1041,b2c_new,107,3,1,1990.82,0.2101,email,0.0
1042,b2c_returning,217,5,1,3265.78,0.1352,whatsapp,0.0
1043,b2c_returning,253,11,4,3678.3,0.0704,sms,0.0
1044,b2c_returning,171,6,2,1707.41,0.1029,email,0.0
1045,b2c_new,478,10,3,2193.98,0.1615,sms,0.0
1046,b2c_new,103,4,4,1498.2,0.1072,none,0.0
1047,b2c_new,437,5,3,4335.15,0.3452,whatsapp,0.0
1048,b2c_returning,292,7,0,4377.11,0.3616,whatsapp,0.0
1049,b2c_returning,178,8,1,5371.62,0.1656,whatsapp,0.0
1050,b2c_new,135,1,1,2168.39,0.1758,sms,0.0
1051,b2c_returning,1598,31,9,8209.16,0.2645,whatsapp,0.0
1052,b2c_new,86,2,0,1706.32,0.41,whatsapp,0.0
1053,b2c_new,235,10,6,7543.14,0.2252,email,0.0
1054,b2c_new,91,2,1,1301.45,0.1247,sms,0.0
1055,b2c_new,897,22,8,725.84,0.1199,email,0.0
1056,b2c_returning,399,6,0,7442.84,0.4847,whatsapp,0.0
1057,b2b,97,4,1,40109.51,0.1129,email,0.0
1058,b2c_new,285,3,0,2588.74,0.0983,sms,0.0
1059,b2c_returning,226,4,1,1398.57,0.3932,none,0.0
1060,b2c_returning,113,1,1,996.19,0.1466,sms,0.0
1061,b2b,356,7,3,66931.0,0.2438,email,0.0
1062,b2c_returning,255,14,2,1983.32,0.2717,email,0.0
1063,b2c_new,218,6,3,1620.36,0.07,none,0.0
1064,b2c_returning,173,6,2,462.73,0.1407,whatsapp,0.0
1065,b2c_new,265,9,4,5890.95,0.0844,whatsapp,0.0
1066,b2b,221,3,1,38354.38,0.0897,sms,0.0
1067,b2c_new,189,4,0,4283.08,0.1035,sms,0.0
1068,b2c_returning,101,4,0,1098.38,0.0617,whatsapp,0.0
1069,b2c_new,826,22,5,2006.07,0.4273,whatsapp,0.0
1070,b2c_new,69,1,0,3555.18,0.2035,sms,0.0
1071,b2c_returning,264,5,0,3227.89,0.295,email,0.0
1072,b2c_returning,134,3,1,1492.14,0.1862,sms,0.0
1073,b2c_new,877,28,8,2570.99,0.3883,whatsapp,0.0
1074,b2b,79,0,0,41515.91,0.0318,email,0.0
1075,b2c_returning,92,1,1,1622.93,0.0395,sms,0.0
1076,b2c_new,75,1,1,825.46,0.1989,email,0.0
1077,b2c_returning,240,5,2,1162.52,0.1711,whatsapp,0.0
1078,b2c_new,52,0,0,1380.34,0.275,sms,0.0
1079,b2c_returning,117,1,0,1833.14,0.1676,whatsapp,0.0
1080,b2c_new,25,3,1,5487.39,0.2065,sms,0.0
1081,b2c_new,223,4,1,3397.45,0.1908,whatsapp,0.0
1082,b2b,114,4,1,61877.15,0.1859,none,0.0
1083,b2b,47,0,0,30879.22,0.0422,email,0.0
1084,b2c_returning,478,8,2,1703.37,0.2892,email,0.0
1085,b2b,55,4,3,25166.62,0.2833,whatsapp,0.0
1086,b2c_returning,368,7,3,932.86,0.1152,whatsapp,0.0
1087,b2c_returning,95,2,0,1311.56,0.2151,whatsapp,0.0
1088,b2c_returning,760,18,9,3722.31,0.0862,sms,0.0
1089,b2c_new,353,7,0,972.95,0.1495,whatsapp,0.0
1090,b2c_new,72,3,2,1870.88,0.2389,whatsapp,0.0
1091,b2c_new,78,1,1,2502.84,0.2901,sms,0.0
1092,b2c_returning,310,6,5,879.62,0.4572,email,0.0
1093,b2c_new,142,3,0,518.67,0.2278,none,0.0
1094,b2c_new,154,3,2,3397.21,0.1238,sms,0.0
1095,b2c_returning,565,11,1,13358.52,0.1633,email,0.0
1096,b2c_new,91,2,0,2481.82,0.2035,none,0.0
1097,b2c_new,195,5,3,2838.6,0.1337,whatsapp,0.0
1098,b2c_returning,425,7,2,969.41,0.1748,whatsapp,0.0
1099,b2c_returning,372,12,5,5035.73,0.0386,whatsapp,0.0
1100,b2c_new,155,2,0,1382.72,0.0544,email,0.0
1101,b2c_new,138,2,0,4064.9,0.1609,whatsapp,0.0
1102,b2c_new,37,1,0,2753.56,0.0978,email,0.0
1103,b2c_returning,69,1,1,2800.99,0.2953,whatsapp,0.0
1104,b2c_returning,239,7,3,2726.72,0.1838,email,0.0
1105,b2c_new,158,2,1,2666.57,0.2409,email,0.0
1106,b2c_returning,192,1,0,2194.95,0.1324,email,0.0
1107,b2c_new,458,9,3,3547.6,0.1926,sms,0.0
1108,b2c_new,61,0,0,1082.8,0.2981,email,0.0
1109,b2b,145,4,1,66090.9,0.2473,sms,0.0
1110,b2c_new,213,7,2,5030.14,0.0035,whatsapp,0.0
1111,b2c_new,95,1,2,2031.59,0.0603,email,0.0
1112,b2c_new,652,20,5,1432.8,0.3316,whatsapp,0.0
1113,b2c_returning,407,13,1,3714.32,0.3532,whatsapp,0.0
1114,b2b,233,3,0,18389.6,0.1284,email,0.0
1115,b2b,904,21,9,72663.58,0.3288,email,0.0
1116,b2c_new,46,3,2,3000.38,0.1207,whatsapp,0.0
1117,b2c_new,178,3,0,1981.64,0.1124,email,0.0
1118,b2c_returning,250,3,1,2962.75,0.0226,sms,0.0
1119,b2c_new,79,1,0,1813.54,0.4117,whatsapp,0.0
1120,b2c_returning,235,5,1,2491.28,0.1125,whatsapp,0.0
1121,b2c_returning,66,2,1,499.62,0.0658,whatsapp,0.0
1122,b2c_new,335,11,2,962.07,0.0931,whatsapp,0.0
1123,b2c_returning,466,6,2,3021.81,0.0556,whatsapp,0.0
1124,b2c_new,229,3,0,11277.3,0.1041,email,0.0
1125,b2c_new,33,0,0,2327.7,0.2916,email,0.0
1126,b2c_returning,75,0,0,1108.3,0.1872,whatsapp,0.0
1127,b2c_returning,299,10,7,1978.96,0.1314,whatsapp,0.0
1128,b2c_returning,183,2,1,963.09,0.263,whatsapp,0.0
1129,b2c_returning,15,1,0,4317.44,0.2399,sms,0.0
1130,b2b,550,12,3,32621.34,0.2695,whatsapp,0.0
1131,b2b,203,8,2,48300.14,0.4101,none,0.0
1132,b2c_returning,86,1,0,1616.67,0.0711,email,0.0
1133,b2c_new,440,14,6,4003.46,0.056,email,0.0
1134,b2c_returning,97,4,0,577.68,0.0969,none,0.0
1135,b2b,96,3,1,66183.86,0.1092,none,0.0
1136,b2c_new,248,2,1,2626.1,0.2747,email,0.0
1137,b2c_new,894,23,7,1491.74,0.219,sms,0.0
1138,b2c_new,776,15,2,2315.08,0.2222,whatsapp,0.0
1139,b2c_new,248,5,0,2287.75,0.058,email,0.0
1140,b2c_returning,272,3,1,3750.8,0.0382,email,0.0
1141,b2c_new,366,10,5,2781.12,0.2336,email,0.0
1142,b2c_returning,58,2,1,2369.87,0.1725,whatsapp,0.0
1143,b2c_returning,321,10,1,3331.46,0.0891,email,0.0
1144,b2c_returning,92,2,1,698.13,0.1648,email,0.0
1145,b2c_new,239,2,0,1063.0,0.0856,email,0.0
1146,b2c_new,146,5,1,682.57,0.0324,whatsapp,0.0
1147,b2c_returning,282,9,4,2642.72,0.0919,whatsapp,0.0
1148,b2c_returning,200,5,2,2404.78,0.1655,whatsapp,0.0
1149,b2c_new,11,0,0,4746.91,0.1607,email,0.0
1150,b2c_returning,211,3,0,2302.4,0.2248,none,0.0
1151,b2c_new,320,6,0,1156.73,0.0964,none,0.0
1152,b2c_returning,268,7,3,1977.01,0.1803,email,0.0
1153,b2c_new,164,4,3,484.32,0.155,none,0.0
1154,b2c_new,789,25,6,1352.6,0.275,sms,0.0
1155,b2c_returning,238,7,6,348.13,0.3238,email,0.0
1156,b2c_new,266,5,2,2265.4,0.0425,whatsapp,0.0
1157,b2c_new,460,16,9,1480.35,0.1871,sms,0.0
1158,b2c_new,249,4,0,1640.82,0.2565,whatsapp,0.0
1159,b2c_new,80,0,0,937.7,0.1775,sms,0.0
1160,b2c_returning,20,0,0,1127.03,0.237,whatsapp,0.0
1161,b2c_new,117,1,0,2923.02,0.3677,whatsapp,0.0
1162,b2c_returning,357,10,1,658.72,0.1857,email,0.0
1163,b2c_returning,130,5,1,2564.51,0.1403,whatsapp,0.0
1164,b2c_new,370,4,2,1020.13,0.1781,sms,0.0
1165,b2c_new,205,8,3,554.93,0.2509,email,0.0
1166,b2c_returning,573,14,7,4247.06,0.2008,sms,0.0
1167,b2c_returning,138,7,1,4564.06,0.1811,whatsapp,0.0
1168,b2c_returning,274,5,1,1233.87,0.1209,whatsapp,0.0
1169,b2c_returning,283,5,0,1225.43,0.1699,whatsapp,0.0
1170,b2c_new,695,18,4,1510.1,0.0486,email,0.0
1171,b2c_new,38,0,0,1020.96,0.1565,whatsapp,0.0
1172,b2c_returning,119,0,0,1154.99,0.2046,whatsapp,0.0
1173,b2c_new,386,11,4,2466.57,0.2572,none,0.0
1174,b2c_returning,723,13,1,7686.86,0.3002,whatsapp,0.0
1175,b2c_returning,223,7,1,1404.23,0.1683,email,0.0
1176,b2c_returning,138,2,1,3683.85,0.0083,none,0.0
1177,b2c_new,355,6,3,2304.38,0.1043,whatsapp,0.0
1178,b2c_new,393,9,1,558.35,0.345,email,0.0
1179,b2c_new,130,2,1,1769.47,0.0627,whatsapp,0.0
1180,b2c_new,242,7,2,1620.53,0.2597,email,0.0
1181,b2c_returning,520,9,1,5017.66,0.2303,whatsapp,0.0
1182,b2c_new,986,27,7,5162.36,0.0304,email,0.0
1183,b2c_new,351,7,2,2343.27,0.0198,whatsapp,0.0
1184,b2c_new,187,4,0,4211.29,0.4013,email,0.0
1185,b2c_new,171,2,0,1624.72,0.0894,whatsapp,0.0
1186,b2c_returning,297,7,4,3940.61,0.0941,email,0.0
1187,b2c_new,162,4,0,1930.97,0.0995,email,0.0
1188,b2b,213,3,2,16181.74,0.2041,email,0.0
1189,b2c_new,69,1,0,4167.74,0.1655,sms,0.0
1190,b2c_returning,578,9,2,2972.2,0.1664,whatsapp,0.0
1191,b2c_new,64,1,0,1071.09,0.1867,sms,0.0
1192,b2c_new,122,3,1,1340.99,0.4706,sms,0.0
1193,b2c_returning,196,4,0,3047.63,0.1283,whatsapp,0.0
1194,b2b,1080,25,6,36682.18,0.1506,whatsapp,0.0
1195,b2c_returning,123,3,2,2011.06,0.3262,sms,0.0
1196,b2c_new,98,2,1,1446.55,0.259,sms,0.0
1197,b2c_new,109,4,1,2058.05,0.1847,none,0.0
1198,b2c_returning,801,15,2,1481.2,0.1056,email,0.0
1199,b2c_new,14,0,0,1486.98,0.275,email,0.0
1200,b2c_returning,73,1,0,7097.98,0.3537,sms,0.0
1201,b2c_returning,2102,37,10,1290.39,0.4284,whatsapp,0.0
1202,b2c_returning,306,10,3,2568.29,0.0605,email,0.0
1203,b2c_returning,66,2,0,2003.38,0.0592,whatsapp,0.0
1204,b2c_returning,173,2,0,762.77,0.165,email,0.0
1205,b2c_new,191,3,3,744.59,0.2202,whatsapp,0.0
1206,b2c_new,385,16,6,1700.64,0.4392,email,0.0
1207,b2c_returning,942,16,6,458.82,0.4064,whatsapp,0.0
1208,b2c_new,255,6,1,6482.27,0.2051,sms,0.0
1209,b2c_new,110,3,3,1397.46,0.173,email,0.0
1210,b2c_new,365,13,2,1319.9,0.11,email,0.0
1211,b2c_returning,96,3,2,4237.32,0.4159,email,0.0
1212,b2c_returning,71,1,0,1631.15,0.2163,sms,0.0
1213,b2c_returning,36,1,0,2839.18,0.1311,email,0.0
1214,b2c_new,44,1,0,1205.6,0.1765,whatsapp,0.0
1215,b2c_new,80,1,0,1858.17,0.1063,sms,0.0
1216,b2c_returning,62,1,0,3545.65,0.1025,sms,0.0
1217,b2c_new,238,4,0,984.64,0.2431,email,0.0
1218,b2c_returning,61,0,0,2604.4,0.2645,sms,0.0
1219,b2c_returning,10,0,0,331.62,0.1444,none,0.0
1220,b2c_new,70,0,1,4365.1,0.2764,sms,0.0
1221,b2c_new,117,3,0,1219.32,0.0628,whatsapp,0.0
1222,b2c_new,104,4,0,1695.24,0.1393,email,0.0
1223,b2c_returning,706,16,5,1680.71,0.1507,email,0.0
1224,b2c_returning,103,1,0,909.72,0.1229,none,0.0
1225,b2c_new,397,8,2,862.13,0.0968,whatsapp,0.0
1226,b2c_returning,176,1,1,2592.77,0.194,whatsapp,0.0
1227,b2c_new,173,5,5,2679.48,0.2276,sms,0.0
1228,b2c_new,84,0,0,968.6,0.2082,whatsapp,0.0
1229,b2b,170,3,3,38001.28,0.3292,none,0.0
1230,b2c_new,90,1,1,2659.96,0.0991,email,0.0
1231,b2c_new,209,8,3,1381.31,0.3239,email,0.0
1232,b2c_returning,145,5,1,727.85,0.2297,whatsapp,0.0
1233,b2c_new,76,2,0,1753.31,0.0759,email,0.0
1234,b2c_returning,439,10,2,2324.13,0.2872,sms,0.0
1235,b2c_new,264,3,0,1727.34,0.3564,email,0.0
1236,b2c_new,120,2,1,1188.91,0.1289,sms,0.0
1237,b2c_new,205,6,2,2495.94,0.3101,sms,0.0
1238,b2c_new,166,8,3,4364.54,0.3127,email,0.0
1239,b2c_new,82,1,1,1049.78,0.3028,email,0.0
1240,b2c_new,191,4,1,1461.09,0.354,sms,0.0
1241,b2c_returning,102,2,1,12280.18,0.3102,sms,0.0
1242,b2c_new,76,1,1,2206.47,0.2565,whatsapp,0.0
1243,b2c_new,41,2,0,741.58,0.4745,whatsapp,0.0
1244,b2c_new,130,2,1,1288.5,0.4744,email,0.0
1245,b2c_new,299,6,2,1059.65,0.3849,sms,0.0
1246,b2c_new,96,2,1,2349.17,0.2355,whatsapp,0.0
1247,b2c_returning,1739,39,13,2232.66,0.4307,whatsapp,0.0
1248,b2c_new,399,5,4,1152.86,0.0592,whatsapp,0.0
1249,b2c_returning,582,13,2,6600.89,0.087,none,0.0
1250,b2b,368,11,3,59241.81,0.1385,email,0.0
1251,b2c_new,953,21,3,1308.36,0.0671,email,0.0
1252,b2c_new,88,1,0,765.67,0.1478,email,0.0
1253,b2c_new,17,1,1,962.18,0.2561,email,0.0
1254,b2c_returning,120,4,1,752.44,0.0101,whatsapp,0.0
1255,b2c_new,297,9,3,1575.21,0.1745,email,0.0
1256,b2c_returning,206,5,3,968.81,0.4616,none,0.0
1257,b2c_returning,230,3,0,3116.08,0.1552,whatsapp,0.0
1258,b2c_returning,590,15,3,1195.64,0.2121,none,0.0
1259,b2c_returning,253,6,1,3241.15,0.458,whatsapp,0.0
1260,b2b,369,3,0,22682.46,0.2058,email,0.0
1261,b2c_new,77,2,0,2828.2,0.076,email,0.0
1262,b2c_new,67,3,1,3372.02,0.4472,whatsapp,0.0
1263,b2c_new,769,13,1,7265.33,0.2237,email,0.0
1264,b2b,197,3,2,65583.66,0.0622,whatsapp,0.0
1265,b2c_returning,102,3,1,3254.33,0.177,email,0.0
1266,b2c_returning,102,3,1,2378.5,0.0557,whatsapp,0.0
1267,b2c_new,100,0,1,3788.93,0.0305,sms,0.0
1268,b2b,95,4,2,41211.13,0.21,whatsapp,0.0
1269,b2c_new,56,0,0,4100.03,0.0967,whatsapp,0.0
1270,b2c_new,46,2,0,728.81,0.4196,email,0.0
1271,b2b,151,2,0,46203.68,0.2069,none,0.0
1272,b2c_new,105,2,3,1208.45,0.1322,whatsapp,0.0
1273,b2c_new,487,14,4,1708.24,0.3508,sms,0.0
1274,b2c_returning,234,5,2,1859.37,0.0608,none,0.0
1275,b2c_new,228,8,1,1072.26,0.1452,whatsapp,0.0
1276,b2c_new,92,3,0,899.58,0.2898,email,0.0
1277,b2c_new,161,5,1,1137.79,0.2364,email,0.0
1278,b2c_new,249,8,2,544.04,0.4069,none,0.0
1279,b2c_returning,342,5,2,1471.22,0.3796,whatsapp,0.0
1280,b2c_returning,165,7,2,1727.89,0.0754,sms,0.0
1281,b2c_new,475,4,0,2451.04,0.1079,email,0.0
1282,b2c_new,181,7,1,2023.03,0.1428,sms,0.0
1283,b2c_new,367,11,0,6316.5,0.7459,email,0.0
1284,b2c_returning,115,2,1,3178.62,0.1121,email,0.0
1285,b2b,35,0,0,47737.61,0.051,sms,0.0
1286,b2b,229,7,3,9041.18,0.3307,email,0.0
1287,b2c_new,345,8,1,2619.0,0.2631,whatsapp,0.0
1288,b2c_new,302,4,1,1542.29,0.0937,whatsapp,0.0
1289,b2c_new,263,4,2,1930.0,0.0355,whatsapp,0.0
1290,b2c_returning,131,1,0,6909.36,0.1248,email,0.0
1291,b2c_new,87,3,0,1713.86,0.1683,email,0.0
1292,b2c_returning,295,5,0,708.56,0.6104,whatsapp,0.0
1293,b2c_returning,264,8,3,2931.61,0.1219,whatsapp,0.0
1294,b2c_new,108,4,2,3321.55,0.0921,email,0.0
1295,b2c_new,488,12,8,2005.62,0.181,whatsapp,0.0
1296,b2c_new,81,2,1,483.33,0.1683,sms,0.0
1297,b2c_new,106,3,1,4430.05,0.3297,email,0.0
1298,b2c_new,785,13,7,2114.29,0.2375,whatsapp,0.0
1299,b2c_returning,393,7,1,1448.61,0.1641,sms,0.0
1300,b2c_new,130,1,0,4134.75,0.1143,sms,0.0
1301,b2c_new,233,3,0,436.28,0.271,whatsapp,0.0
1302,b2c_returning,206,2,0,1946.61,0.0799,email,0.0
1303,b2c_returning,15,0,0,1232.73,0.0553,whatsapp,0.0
1304,b2c_new,79,3,0,5115.57,0.0379,email,0.0
1305,b2c_returning,171,7,2,2133.59,0.2658,none,0.0
1306,b2b,130,2,2,103621.31,0.274,email,0.0
1307,b2c_returning,224,4,1,3993.03,0.209,none,0.0
1308,b2c_returning,497,8,2,321.89,0.234,sms,0.0
1309,b2c_new,134,3,1,2568.49,0.1137,whatsapp,0.0
1310,b2b,69,3,0,35047.86,0.1518,whatsapp,0.0
1311,b2c_new,241,0,0,1302.23,0.0457,email,0.0
1312,b2b,134,2,0,107547.14,0.5057,whatsapp,0.0
1313,b2c_returning,156,4,0,3403.71,0.1539,email,0.0
1314,b2c_new,138,0,0,8416.34,0.5909,email,0.0
1315,b2c_new,1353,37,16,517.94,0.1961,email,0.0
1316,b2c_returning,23,1,0,2460.09,0.1536,whatsapp,0.0
1317,b2c_returning,126,3,1,8410.71,0.1118,email,0.0
1318,b2c_new,179,4,3,1205.31,0.0396,whatsapp,0.0
1319,b2c_returning,89,4,2,1154.06,0.0126,whatsapp,0.0
1320,b2c_returning,404,7,8,2123.25,0.1592,email,0.0
1321,b2c_new,374,9,6,3215.46,0.2079,email,0.0
1322,b2c_new,172,1,1,2852.24,0.2374,whatsapp,0.0
1323,b2c_new,141,1,0,1400.31,0.2173,email,0.0
1324,b2c_returning,162,5,3,1026.35,0.3829,email,0.0
1325,b2c_new,163,5,2,4522.56,0.1526,email,0.0
1326,b2c_returning,167,4,0,1046.64,0.1807,email,0.0
1327,b2c_new,151,2,2,470.7,0.199,whatsapp,0.0
1328,b2c_returning,225,3,2,650.78,0.2937,email,0.0
1329,b2c_new,354,5,1,1202.6,0.4465,none,0.0
1330,b2c_new,59,0,0,5116.86,0.0414,whatsapp,0.0
1331,b2c_returning,69,1,1,783.44,0.0697,none,0.0
1332,b2c_new,37,1,0,5223.3,0.0508,whatsapp,0.0
1333,b2c_returning,392,10,4,4493.18,0.2488,email,0.0
1334,b2b,225,4,3,41455.87,0.107,email,0.0
1335,b2b,283,5,3,23677.82,0.2016,email,0.0
1336,b2c_returning,49,2,1,785.8,0.0945,whatsapp,0.0
1337,b2c_new,897,14,1,1155.24,0.4241,whatsapp,0.0
1338,b2c_returning,104,1,0,6045.28,0.3254,email,0.0
1339,b2c_returning,209,5,1,1208.49,0.234,whatsapp,0.0
1340,b2c_new,388,5,1,1047.84,0.2633,email,0.0
1341,b2c_new,74,1,1,2053.61,0.1393,whatsapp,0.0
1342,b2c_returning,110,2,0,671.07,0.3326,email,0.0
1343,b2c_new,211,2,1,1769.24,0.2689,email,0.0
1344,b2c_returning,2355,38,17,1029.22,0.3852,sms,0.0
1345,b2b,236,0,0,79145.78,0.0499,none,0.0
1346,b2c_returning,764,17,6,946.91,0.1471,whatsapp,0.0
1347,b2c_new,532,11,6,6949.99,0.1192,sms,0.0
1348,b2c_new,250,9,0,810.32,0.1081,sms,0.0
1349,b2c_new,73,3,1,2163.5,0.0264,sms,0.0
1350,b2c_new,467,11,4,2554.88,0.3263,email,0.0
1351,b2c_returning,46,1,0,1987.79,0.067,whatsapp,0.0
1352,b2c_returning,760,18,8,1904.21,0.14,email,0.0
1353,b2c_new,215,6,2,3289.73,0.2519,sms,0.0
1354,b2c_new,16,0,0,2410.77,0.2275,email,0.0
1355,b2c_returning,132,2,0,1594.81,0.2004,whatsapp,0.0
1356,b2c_new,324,4,1,1122.64,0.0892,email,0.0
1357,b2c_returning,145,5,6,1602.82,0.1428,email,0.0
1358,b2c_new,342,4,2,1589.03,0.3871,sms,0.0
1359,b2c_returning,83,2,0,1567.3,0.1256,whatsapp,0.0
1360,b2c_new,55,2,2,1898.62,0.1421,none,0.0
1361,b2c_returning,168,3,0,671.17,0.2429,email,0.0
1362,b2c_new,185,4,3,876.76,0.1395,email,0.0
1363,b2c_returning,131,5,1,3222.08,0.1011,whatsapp,0.0
1364,b2c_new,543,10,3,372.5,0.0933,email,0.0
1365,b2c_new,83,1,1,4160.81,0.1091,email,0.0
1366,b2c_returning,238,11,4,1217.19,0.1982,email,0.0
1367,b2c_new,191,0,0,5791.65,0.3568,email,0.0
1368,b2c_new,44,0,0,4246.68,0.2012,whatsapp,0.0
1369,b2c_new,54,1,0,1431.33,0.2026,sms,0.0
1370,b2c_new,181,9,3,1539.08,0.1294,email,0.0
1371,b2c_new,1070,18,3,5490.77,0.268,email,0.0
1372,b2b,303,4,3,54470.2,0.3323,email,0.0
1373,b2c_new,38,0,0,3556.24,0.22,whatsapp,0.0
1374,b2c_returning,10,0,0,4009.72,0.0978,sms,0.0
1375,b2b,348,4,1,94057.66,0.2547,whatsapp,0.0
1376,b2c_new,165,6,1,2078.18,0.1167,none,0.0
1377,b2c_returning,502,11,4,1049.72,0.1351,sms,0.0
1378,b2c_returning,81,2,2,825.74,0.0524,none,0.0
1379,b2c_returning,246,5,0,2018.81,0.045,email,0.0
1380,b2c_new,385,3,1,1347.29,0.1882,email,0.0
1381,b2c_new,120,4,4,1602.25,0.0802,whatsapp,0.0
1382,b2c_new,122,7,1,1268.41,0.0639,email,0.0
1383,b2c_returning,184,2,1,748.0,0.215,whatsapp,0.0
1384,b2b,293,2,0,55900.93,0.0896,whatsapp,0.0
1385,b2b,177,4,2,132439.21,0.1396,none,0.0
1386,b2c_new,432,8,1,655.9,0.0885,sms,0.0
1387,b2c_returning,118,4,0,2044.53,0.211,whatsapp,0.0
1388,b2c_new,54,0,0,5221.37,0.2213,whatsapp,0.0
1389,b2b,1066,23,9,17115.34,0.3027,sms,0.0
1390,b2c_new,104,6,1,1251.92,0.0505,sms,0.0
1391,b2b,107,0,0,22007.36,0.1741,whatsapp,0.0
1392,b2c_returning,169,4,0,921.12,0.3893,email,0.0
1393,b2c_new,191,4,0,1070.59,0.1442,whatsapp,0.0
1394,b2c_new,127,2,1,1133.34,0.249,email,0.0
1395,b2c_returning,177,2,0,644.03,0.1193,whatsapp,0.0
1396,b2c_new,173,3,2,1319.17,0.1712,sms,0.0
1397,b2c_returning,210,5,2,2290.05,0.0443,email,0.0
1398,b2b,21,2,2,32002.21,0.213,whatsapp,0.0
1399,b2c_returning,978,21,3,2095.8,0.0594,sms,0.0
1400,b2c_new,157,6,1,5602.09,0.4917,whatsapp,0.0
1401,b2c_new,303,6,2,6506.18,0.0508,email,0.0
1402,b2c_new,52,1,0,1716.41,0.2309,email,0.0
1403,b2b,117,3,1,18799.05,0.2672,whatsapp,0.0
1404,b2c_new,98,2,0,1601.81,0.0012,sms,0.0
1405,b2c_new,675,7,1,1279.25,0.4613,email,0.0
1406,b2c_new,106,3,3,823.67,0.2355,sms,0.0
1407,b2b,356,7,4,32529.39,0.2499,sms,0.0
1408,b2c_new,100,2,0,3845.31,0.1432,none,0.0
1409,b2c_returning,119,2,0,737.63,0.2969,email,0.0
1410,b2c_returning,144,3,0,1472.29,0.186,sms,0.0
1411,b2c_returning,571,8,0,1423.4,0.102,email,0.0
1412,b2b,32,1,1,33905.72,0.2066,email,0.0
1413,b2c_returning,55,3,0,2163.49,0.1675,whatsapp,0.0
1414,b2b,31,0,0,88499.73,0.074,email,0.0
1415,b2c_new,67,1,1,6791.52,0.0502,email,0.0
1416,b2c_returning,86,2,0,978.67,0.0977,sms,0.0
1417,b2c_returning,42,0,0,941.74,0.1013,sms,0.0
1418,b2c_returning,92,2,2,2140.29,0.0555,none,0.0
1419,b2c_returning,29,2,1,4976.33,0.1842,whatsapp,0.0
1420,b2b,72,2,0,34793.15,0.1856,email,0.0
1421,b2c_returning,530,11,4,2269.93,0.2904,email,0.0
1422,b2c_new,258,5,1,1563.38,0.3107,whatsapp,0.0
1423,b2c_new,213,5,1,3273.27,0.1762,email,0.0
1424,b2c_new,72,2,1,2794.13,0.5106,email,0.0
1425,b2c_new,45,0,0,1862.18,0.1009,none,0.0
1426,b2c_new,64,2,0,2532.11,0.2161,whatsapp,0.0
1427,b2c_new,173,5,5,1135.41,0.1031,email,0.0
1428,b2c_new,393,7,2,3151.71,0.1476,email,0.0
1429,b2c_returning,405,11,1,4750.99,0.2345,whatsapp,0.0
1430,b2c_new,317,6,1,1930.73,0.3189,whatsapp,0.0
1431,b2b,92,1,0,28966.7,0.2691,email,0.0
1432,b2c_returning,184,7,5,1626.09,0.1481,sms,0.0
1433,b2c_new,134,2,0,3128.59,0.111,whatsapp,0.0
1434,b2c_new,150,3,1,1748.01,0.2002,email,0.0
1435,b2c_new,1125,23,11,777.27,0.2717,whatsapp,0.0
1436,b2b,36,0,0,31956.0,0.1424,whatsapp,0.0
1437,b2c_new,145,3,2,904.66,0.2458,sms,0.0
1438,b2c_returning,535,16,5,2422.82,0.0887,none,0.0
1439,b2b,48,2,0,36981.19,0.3091,email,0.0
1440,b2b,100,1,1,26768.87,0.1332,whatsapp,0.0
1441,b2c_new,111,5,3,1715.97,0.2399,sms,0.0
1442,b2c_new,147,2,2,454.23,0.3507,sms,0.0
1443,b2c_new,42,2,1,2272.22,0.2164,whatsapp,0.0
1444,b2c_new,307,7,2,832.63,0.2558,whatsapp,0.0
1445,b2c_new,327,4,1,1910.02,0.2791,sms,0.0
1446,b2c_returning,284,9,3,1349.28,0.3283,sms,0.0
1447,b2b,82,1,0,43269.68,0.2999,sms,0.0
1448,b2c_returning,194,5,0,865.7,0.1777,none,0.0
1449,b2c_returning,80,2,0,915.58,0.3213,whatsapp,0.0
1450,b2c_new,133,5,1,3580.4,0.1999,sms,0.0
1451,b2c_returning,1250,32,13,3231.21,0.1492,sms,0.0
1452,b2c_returning,196,0,0,8364.01,0.1945,whatsapp,0.0
1453,b2c_returning,61,1,0,1257.94,0.3694,whatsapp,0.0
1454,b2b,211,3,1,50970.1,0.2903,whatsapp,0.0
1455,b2c_new,53,0,0,1978.22,0.3295,whatsapp,0.0
1456,b2c_new,61,0,0,1403.68,0.2522,email,0.0
1457,b2c_new,70,3,1,1197.21,0.3036,email,0.0
1458,b2c_new,120,3,0,1869.9,0.1866,email,0.0
1459,b2b,418,11,4,43951.38,0.207,sms,0.0
1460,b2c_new,302,11,4,410.36,0.1356,whatsapp,0.0
1461,b2c_returning,288,4,4,1205.92,0.448,whatsapp,0.0
1462,b2c_returning,66,0,0,674.24,0.0978,whatsapp,0.0
1463,b2c_new,110,2,1,1616.24,0.1524,email,0.0
1464,b2c_new,229,4,0,2436.66,0.2846,whatsapp,0.0
1465,b2c_returning,102,1,1,3933.96,0.2477,none,0.0
1466,b2c_returning,140,1,0,1328.65,0.1346,email,0.0
1467,b2c_new,267,4,0,1939.01,0.1927,email,0.0
1468,b2c_new,131,2,0,554.49,0.2663,whatsapp,0.0
1469,b2c_returning,220,3,1,985.57,0.3755,email,0.0
1470,b2c_new,754,16,3,2080.87,0.2685,whatsapp,0.0
1471,b2b,154,1,0,109217.61,0.3621,sms,0.0
1472,b2c_new,520,10,4,4278.9,0.1953,sms,0.0
1473,b2c_new,297,4,0,2596.72,0.093,none,0.0
1474,b2c_new,48,1,0,955.6,0.1228,sms,0.0
1475,b2c_returning,66,4,0,637.8,0.1305,sms,0.0
1476,b2c_returning,85,1,0,1087.93,0.1867,email,0.0
1477,b2c_new,83,3,2,959.12,0.1233,email,0.0
1478,b2b,165,8,3,49392.0,0.07,sms,0.0
1479,b2c_new,312,11,1,672.35,0.1567,whatsapp,0.0
1480,b2c_new,557,10,3,1531.9,0.2934,email,0.0
1481,b2c_new,237,6,2,3005.28,0.0108,email,0.0
1482,b2c_new,120,4,1,1094.21,0.5958,sms,0.0
1483,b2c_returning,27,0,0,2457.65,0.1892,whatsapp,0.0
1484,b2c_new,191,6,3,1430.99,0.1181,email,0.0
1485,b2c_returning,184,4,0,2763.25,0.1692,whatsapp,0.0
1486,b2c_new,212,2,1,1037.95,0.1577,none,0.0
1487,b2b,1198,27,6,55562.96,0.227,email,0.0
1488,b2c_new,549,8,5,1957.91,0.3087,sms,0.0
1489,b2c_returning,364,7,3,4671.17,0.2562,whatsapp,0.0
1490,b2c_new,75,0,0,2661.55,0.1164,email,0.0
1491,b2c_new,113,3,0,2153.28,0.4,whatsapp,0.0
1492,b2c_returning,165,2,0,643.31,0.146,none,0.0
1493,b2c_returning,89,0,0,1246.22,0.0242,whatsapp,0.0
1494,b2c_returning,282,9,3,1027.89,0.5097,email,0.0
1495,b2c_new,248,7,3,1012.32,0.1012,email,0.0
1496,b2c_returning,67,2,0,1819.64,0.2037,sms,0.0
1497,b2c_returning,528,11,3,2130.51,0.4482,email,0.0
1498,b2c_returning,197,1,0,2189.66,0.1027,whatsapp,0.0
1499,b2c_new,37,0,0,4352.7,0.369,sms,0.0
1500,b2c_returning,171,7,2,2525.08,0.1765,whatsapp,0.0
1501,b2c_returning,231,6,1,762.08,0.1574,whatsapp,0.0
1502,b2b,432,11,7,36384.93,0.1011,email,0.0
1503,b2c_new,132,4,2,2709.74,0.1911,whatsapp,0.0
1504,b2c_new,379,10,2,4354.98,0.1205,whatsapp,0.0
1505,b2c_returning,213,4,1,1615.84,0.1742,sms,0.0
1506,b2c_returning,55,0,0,1626.87,0.1612,whatsapp,0.0
1507,b2c_returning,50,1,0,3830.57,0.1992,email,0.0
1508,b2c_new,494,11,4,2039.68,0.116,whatsapp,0.0
1509,b2c_new,528,14,4,587.96,0.1357,none,0.0
1510,b2c_returning,240,8,4,506.0,0.2355,whatsapp,0.0
1511,b2c_new,691,16,2,6529.5,0.2401,email,0.0
1512,b2c_new,465,12,4,542.36,0.3806,email,0.0
1513,b2c_returning,333,7,4,1601.18,0.0283,none,0.0
1514,b2c_returning,79,0,0,3339.99,0.2807,whatsapp,0.0
1515,b2c_returning,855,25,9,523.38,0.2435,email,0.0
1516,b2c_new,291,8,2,844.25,0.2177,whatsapp,0.0
1517,b2c_new,127,4,0,752.07,0.023,email,0.0
1518,b2b,98,5,3,27349.7,0.3854,none,0.0
1519,b2c_new,226,9,2,7392.71,0.1778,sms,0.0
1520,b2c_new,40,0,0,1076.66,0.2044,email,0.0
1521,b2c_new,337,11,1,2700.5,0.0617,email,0.0
1522,b2c_returning,76,2,2,2233.19,0.1067,email,0.0
1523,b2c_returning,251,9,3,1478.8,0.1105,whatsapp,0.0
1524,b2c_returning,112,2,1,576.4,0.2865,whatsapp,0.0
1525,b2c_returning,141,3,1,9052.23,0.3445,whatsapp,0.0
1526,b2c_new,91,5,1,504.89,0.1462,email,0.0
1527,b2c_new,155,3,0,2088.11,0.1389,whatsapp,0.0
1528,b2c_new,985,18,6,1143.93,0.1682,whatsapp,0.0
1529,b2c_new,626,12,4,3645.27,0.1764,whatsapp,0.0
1530,b2c_new,247,4,1,3254.21,0.0931,whatsapp,0.0
1531,b2c_new,175,4,4,907.21,0.0653,email,0.0
1532,b2c_new,384,17,6,1035.31,0.3416,whatsapp,0.0
1533,b2c_returning,497,10,0,608.16,0.1336,email,0.0
1534,b2c_returning,85,2,0,2062.97,0.2963,whatsapp,0.0
1535,b2c_new,167,5,4,2960.63,0.0636,sms,0.0
1536,b2c_new,34,1,0,1321.31,0.1224,email,0.0
1537,b2c_returning,494,16,4,1516.53,0.2048,email,0.0
1538,b2c_returning,1154,32,9,6843.36,0.1605,none,0.0
1539,b2c_returning,193,9,3,3466.53,0.1188,whatsapp,0.0
1540,b2c_new,26,0,0,4623.82,0.3153,sms,0.0
1541,b2c_returning,311,7,2,374.69,0.0817,none,0.0
1542,b2c_new,79,0,0,2640.11,0.1747,sms,0.0
1543,b2c_new,99,1,0,2146.3,0.2406,whatsapp,0.0
1544,b2c_new,316,13,3,749.31,0.2043,whatsapp,0.0
1545,b2c_new,226,5,0,866.8,0.315,whatsapp,0.0
1546,b2c_new,116,3,0,1544.78,0.1382,email,0.0
1547,b2c_new,100,0,0,703.55,0.168,none,0.0
1548,b2c_returning,201,2,1,1029.11,0.1645,whatsapp,0.0
1549,b2c_new,124,4,1,1303.0,0.3059,sms,0.0
1550,b2c_new,66,2,0,2689.22,0.0962,whatsapp,0.0
1551,b2c_new,133,2,1,1097.49,0.2914,email,0.0
1552,b2c_new,244,7,5,1316.16,0.0773,email,0.0
1553,b2c_new,153,4,6,3687.03,0.0793,whatsapp,0.0
1554,b2c_new,50,1,0,523.51,0.1025,whatsapp,0.0
1555,b2c_new,438,10,6,2110.42,0.2339,sms,0.0
1556,b2c_returning,15,0,0,2364.03,0.1267,whatsapp,0.0
1557,b2b,120,7,1,28417.46,0.0848,none,0.0
1558,b2c_new,103,4,2,1267.24,0.1069,email,0.0
1559,b2c_returning,205,7,2,854.18,0.1409,email,0.0
1560,b2c_returning,298,7,2,5214.52,0.2228,email,0.0
1561,b2b,496,18,7,90371.33,0.2115,none,0.0
1562,b2c_returning,94,3,0,823.55,0.3041,email,0.0
1563,b2c_returning,305,9,0,1825.63,0.2577,sms,0.0
1564,b2b,214,4,4,26110.89,0.1383,none,0.0
1565,b2c_returning,38,1,2,3755.98,0.014,whatsapp,0.0
1566,b2c_new,995,23,11,1495.06,0.1548,email,0.0
1567,b2c_new,49,1,1,4112.86,0.2463,none,0.0
1568,b2c_new,262,6,1,2464.35,0.1668,email,0.0
1569,b2c_new,255,12,1,1371.68,0.0991,sms,0.0
1570,b2c_new,230,5,1,3925.91,0.1963,email,0.0
1571,b2c_new,115,1,1,1141.34,0.2764,whatsapp,0.0
1572,b2c_returning,378,7,0,1438.62,0.2649,email,0.0
1573,b2c_returning,44,2,1,2606.99,0.2986,whatsapp,0.0
1574,b2c_returning,169,1,0,2109.44,0.1866,whatsapp,0.0
1575,b2c_new,108,3,1,1123.23,0.1316,email,0.0
1576,b2c_new,97,2,0,614.06,0.2506,whatsapp,0.0
1577,b2c_returning,264,5,4,1776.66,0.1743,whatsapp,0.0
1578,b2c_returning,474,4,0,1081.99,0.3704,sms,0.0
1579,b2b,132,3,0,46010.65,0.3627,sms,0.0
1580,b2c_returning,363,5,2,1340.58,0.153,sms,0.0
1581,b2c_returning,188,1,0,1089.25,0.258,sms,0.0
1582,b2c_new,80,2,1,1491.94,0.0544,whatsapp,0.0
1583,b2c_new,142,5,4,1709.82,0.089,email,0.0
1584,b2c_new,137,2,1,2927.92,0.2743,sms,0.0
1585,b2c_returning,96,8,1,2420.61,0.3517,whatsapp,0.0
1586,b2b,264,6,3,44991.28,0.0738,none,0.0
1587,b2c_new,222,5,2,1987.33,0.0924,email,0.0
1588,b2c_returning,43,0,0,1123.82,0.0362,email,0.0
1589,b2c_new,40,0,0,1602.2,0.4847,whatsapp,0.0
1590,b2c_new,263,8,3,2679.45,0.238,none,0.0
1591,b2c_new,86,4,1,3633.46,0.0851,whatsapp,0.0
1592,b2c_new,236,6,4,4603.49,0.2433,whatsapp,0.0
1593,b2b,363,11,1,52764.15,0.1094,email,0.0
1594,b2c_new,57,1,0,4411.69,0.0453,none,0.0
1595,b2c_returning,50,1,1,1742.94,0.1349,whatsapp,0.0
1596,b2c_returning,812,14,8,940.75,0.6151,whatsapp,0.0
1597,b2c_new,246,2,1,1560.71,0.2439,whatsapp,0.0
1598,b2c_new,123,0,0,4200.97,0.2421,whatsapp,0.0
1599,b2c_returning,77,0,0,2479.06,0.0721,email,0.0
1600,b2c_new,113,3,2,770.56,0.1214,email,0.0
1601,b2b,61,1,1,39968.63,0.3755,email,0.0
1602,b2c_new,398,8,0,759.71,0.2162,none,0.0
1603,b2c_returning,89,2,0,1078.65,0.0887,sms,0.0
1604,b2c_returning,481,6,0,1900.28,0.3911,whatsapp,0.0
1605,b2c_new,125,1,0,818.29,0.2506,email,0.0
1606,b2c_new,70,2,0,1333.7,0.0574,sms,0.0
1607,b2b,122,8,1,50063.6,0.0774,email,0.0
1608,b2c_new,16,0,0,5585.94,0.3333,none,0.0
1609,b2c_new,161,5,3,5328.76,0.1675,sms,0.0
1610,b2c_new,154,2,1,512.4,0.3352,whatsapp,0.0
1611,b2c_new,378,5,0,5808.91,0.4358,email,0.0
1612,b2c_returning,32,1,0,1919.33,0.1858,email,0.0
1613,b2c_returning,512,11,1,1900.97,0.1496,email,0.0
1614,b2c_new,376,7,2,3698.84,0.0235,email,0.0
1615,b2c_returning,555,10,5,2945.29,0.1323,whatsapp,0.0
1616,b2c_new,171,3,1,486.61,0.0791,email,0.0
1617,b2c_new,448,10,3,1172.41,0.1466,sms,0.0
1618,b2c_returning,47,1,0,1393.11,0.2667,email,0.0
1619,b2b,341,6,2,42742.37,0.1308,none,0.0
1620,b2c_new,89,2,1,3617.55,0.0678,email,0.0
1621,b2c_new,40,1,0,4928.51,0.2051,whatsapp,0.0
1622,b2c_returning,65,2,1,1786.74,0.1759,whatsapp,0.0
1623,b2c_returning,180,2,0,2218.43,0.1444,none,0.0
1624,b2c_new,85,1,0,1785.84,0.356,whatsapp,0.0
1625,b2c_new,252,8,1,1929.37,0.111,whatsapp,0.0
1626,b2c_returning,35,1,0,3936.0,0.2338,whatsapp,0.0
1627,b2c_new,26,0,0,523.06,0.2031,whatsapp,0.0
1628,b2c_new,619,11,4,2529.59,0.2623,whatsapp,0.0
1629,b2c_new,406,9,6,1815.0,0.4728,sms,0.0
1630,b2c_new,70,2,0,1092.38,0.2619,whatsapp,0.0
1631,b2c_new,179,1,0,1265.47,0.1456,none,0.0
1632,b2c_returning,450,9,3,6491.19,0.1618,email,0.0
1633,b2c_returning,262,7,1,710.73,0.1759,whatsapp,0.0
1634,b2c_returning,205,5,0,1599.67,0.0914,email,0.0
1635,b2b,482,13,1,29348.33,0.2733,sms,0.0
1636,b2c_new,93,5,2,739.85,0.2325,whatsapp,0.0
1637,b2c_new,185,6,2,1307.96,0.1524,sms,0.0
1638,b2b,177,5,0,23420.99,0.1163,email,0.0
1639,b2c_new,140,6,2,2402.83,0.1911,whatsapp,0.0
1640,b2c_returning,126,1,0,1701.6,0.1138,email,0.0
1641,b2c_returning,192,5,1,961.78,0.252,sms,0.0
1642,b2c_new,185,4,0,2461.99,0.0807,email,0.0
1643,b2c_new,70,0,0,1677.6,0.2639,none,0.0
1644,b2c_new,370,14,2,2793.28,0.1031,sms,0.0
1645,b2c_new,74,0,0,3436.22,0.3642,whatsapp,0.0
1646,b2c_new,147,1,0,635.98,0.1354,sms,0.0
1647,b2c_new,137,1,1,3709.8,0.1989,email,0.0
1648,b2c_returning,248,5,2,1506.13,0.0669,email,0.0
1649,b2b,26,0,0,35841.45,0.1449,sms,0.0
1650,b2c_returning,401,13,6,2543.39,0.1886,whatsapp,0.0
1651,b2c_new,97,1,0,6590.6,0.2432,whatsapp,0.0
1652,b2c_new,539,9,2,1807.9,0.4177,email,0.0
1653,b2c_new,117,1,1,1357.26,0.0474,sms,0.0
1654,b2c_new,172,4,1,1256.98,0.3556,sms,0.0
1655,b2b,1007,27,6,43519.04,0.2,whatsapp,0.0
1656,b2c_new,140,6,1,3169.13,0.0535,whatsapp,0.0
1657,b2c_new,548,18,5,832.6,0.3527,whatsapp,0.0
1658,b2c_returning,186,4,2,3149.73,0.2296,whatsapp,0.0
1659,b2c_new,261,10,2,1539.32,0.1548,whatsapp,0.0
1660,b2c_new,191,4,1,523.89,0.3826,email,0.0
1661,b2c_new,386,13,3,5101.71,0.0299,sms,0.0
1662,b2c_returning,97,1,1,169.43,0.3118,whatsapp,0.0
1663,b2c_returning,74,2,1,1699.88,0.0563,email,0.0
1664,b2c_new,101,3,1,2120.3,0.1749,email,0.0
1665,b2b,196,7,2,37448.9,0.2074,whatsapp,0.0
1666,b2c_returning,147,4,0,2451.41,0.1465,sms,0.0
1667,b2c_returning,341,6,0,1126.3,0.0717,email,0.0
1668,b2c_new,582,10,1,1512.59,0.1224,whatsapp,0.0
1669,b2c_new,74,2,3,4608.46,0.2262,email,0.0
1670,b2c_returning,92,0,0,1989.12,0.3105,whatsapp,0.0
1671,b2c_new,49,1,1,1408.31,0.0779,email,0.0
1672,b2c_returning,1119,30,16,1597.54,0.0787,whatsapp,0.0
1673,b2c_returning,236,4,2,6240.49,0.1788,whatsapp,0.0
1674,b2c_new,277,7,0,2389.34,0.0851,email,0.0
1675,b2c_returning,53,2,1,969.62,0.0857,whatsapp,0.0
1676,b2b,179,6,5,22915.95,0.047,whatsapp,0.0
1677,b2c_returning,284,10,4,782.5,0.2914,whatsapp,0.0
1678,b2c_new,143,0,0,1312.05,0.3777,email,0.0
1679,b2c_returning,473,7,4,5547.3,0.1435,whatsapp,0.0
1680,b2c_returning,1441,29,12,1602.16,0.2913,none,0.0
1681,b2c_returning,76,2,1,706.01,0.1002,whatsapp,0.0
1682,b2c_returning,71,2,1,2433.76,0.2761,none,0.0
1683,b2c_returning,81,1,0,1367.5,0.2107,sms,0.0
1684,b2c_new,763,17,8,2666.52,0.1425,whatsapp,0.0
1685,b2c_new,459,15,6,1519.08,0.0803,whatsapp,0.0
1686,b2c_new,159,4,2,4950.44,0.15,email,0.0
1687,b2c_returning,186,4,2,951.55,0.0601,whatsapp,0.0
1688,b2c_returning,86,0,1,796.26,0.054,sms,0.0
1689,b2c_returning,401,17,4,3469.83,0.1539,none,0.0
1690,b2c_new,127,5,1,442.77,0.2534,whatsapp,0.0
1691,b2c_returning,142,1,0,1595.89,0.2083,whatsapp,0.0
1692,b2b,311,7,2,33910.93,0.1497,whatsapp,0.0
1693,b2c_new,151,2,1,387.4,0.2354,whatsapp,0.0
1694,b2c_returning,145,3,2,1883.32,0.3517,sms,0.0
1695,b2c_returning,181,3,0,631.68,0.1914,whatsapp,0.0
1696,b2c_returning,368,6,0,494.8,0.1349,email,0.0
1697,b2c_new,792,16,3,853.53,0.2389,whatsapp,0.0
1698,b2c_returning,304,12,3,1583.14,0.0896,email,0.0
1699,b2b,370,6,2,30272.03,0.3586,whatsapp,0.0
1700,b2c_returning,150,0,0,3906.86,0.0719,sms,0.0
1701,b2b,95,1,0,21792.44,0.056,none,0.0
1702,b2b,324,4,2,20854.69,0.1788,whatsapp,0.0
1703,b2c_new,209,5,1,719.54,0.1702,whatsapp,0.0
1704,b2c_returning,50,1,0,2105.73,0.1628,email,0.0
1705,b2c_new,133,4,1,7606.6,0.2133,whatsapp,0.0
1706,b2b,167,5,2,64277.25,0.2276,whatsapp,0.0
1707,b2c_new,113,3,1,1194.71,0.1136,sms,0.0
1708,b2c_new,683,15,3,856.66,0.1343,whatsapp,0.0
1709,b2c_returning,277,4,3,4123.54,0.0921,whatsapp,0.0
1710,b2c_new,619,9,3,3444.2,0.0983,email,0.0
1711,b2c_returning,228,5,3,1317.05,0.2017,sms,0.0
1712,b2c_new,193,5,0,1183.48,0.3515,whatsapp,0.0
1713,b2b,77,1,0,24876.98,0.3558,sms,0.0
1714,b2c_returning,181,3,2,1470.01,0.3578,whatsapp,0.0
1715,b2c_new,182,2,0,3675.55,0.0607,whatsapp,0.0
1716,b2c_returning,52,1,0,1853.09,0.1383,sms,0.0
1717,b2c_new,110,5,2,4433.28,0.0812,none,0.0
1718,b2c_returning,134,2,0,1087.27,0.0834,email,0.0
1719,b2c_returning,261,3,1,356.61,0.1291,email,0.0
1720,b2c_returning,272,9,2,11150.91,0.0999,email,0.0
1721,b2c_new,106,3,1,2091.74,0.2752,none,0.0
1722,b2c_new,274,3,0,3104.2,0.1636,email,0.0
1723,b2c_returning,152,2,2,1037.2,0.1651,email,0.0
1724,b2c_returning,13,0,0,693.51,0.5187,email,0.0
1725,b2c_new,116,2,0,2005.94,0.1684,whatsapp,0.0
1726,b2c_new,475,10,5,446.46,0.2892,email,0.0
1727,b2c_new,39,0,0,1493.08,0.2143,email,0.0
1728,b2c_returning,199,3,0,3681.81,0.1818,sms,0.0
1729,b2c_new,749,13,3,2463.83,0.2381,whatsapp,0.0
1730,b2c_new,90,2,1,2151.61,0.0766,whatsapp,0.0
1731,b2b,180,4,1,73694.08,0.1349,whatsapp,0.0
1732,b2c_new,55,2,0,2340.88,0.3295,whatsapp,0.0
1733,b2c_returning,778,17,9,474.59,0.4908,whatsapp,0.0
1734,b2c_new,166,3,2,1621.64,0.0343,whatsapp,0.0
1735,b2c_returning,187,2,0,6927.57,0.1504,whatsapp,0.0
1736,b2c_returning,609,10,5,1449.45,0.1173,sms,0.0
1737,b2c_returning,326,5,0,6636.96,0.036,none,0.0
1738,b2c_new,81,3,0,3685.25,0.1141,whatsapp,0.0
1739,b2c_returning,100,2,2,1352.36,0.0181,whatsapp,0.0
1740,b2c_returning,281,6,1,844.88,0.3777,sms,0.0
1741,b2c_new,102,1,1,2283.51,0.0765,email,0.0
1742,b2c_new,26,1,0,4380.39,0.0862,none,0.0
1743,b2c_new,171,9,1,596.15,0.1657,email,0.0
1744,b2b,47,1,0,53808.68,0.0789,sms,0.0
1745,b2c_returning,770,18,4,431.2,0.1359,email,0.0
1746,b2c_returning,211,4,1,1419.17,0.1417,email,0.0
1747,b2c_returning,79,4,2,565.23,0.0498,sms,0.0
1748,b2c_returning,95,2,1,2668.06,0.2474,whatsapp,0.0
1749,b2c_new,32,0,0,1111.25,0.1001,email,0.0
1750,b2c_new,66,3,1,4048.77,0.2405,email,0.0
1751,b2c_returning,449,8,0,1232.99,0.1235,whatsapp,0.0
1752,b2c_new,1341,27,8,1156.83,0.0474,whatsapp,0.0
1753,b2c_returning,346,10,3,581.1,0.0271,whatsapp,0.0
1754,b2c_returning,165,7,3,2366.76,0.1771,none,0.0
1755,b2c_new,122,5,1,2540.24,0.3807,email,0.0
1756,b2c_returning,76,1,1,3475.05,0.0832,sms,0.0
1757,b2c_new,1149,15,5,2847.46,0.0557,sms,0.0
1758,b2b,151,3,3,58258.79,0.2949,email,0.0
1759,b2b,1208,27,8,125578.67,0.3837,whatsapp,0.0
1760,b2b,630,19,9,18757.14,0.2218,email,0.0
1761,b2c_new,37,0,0,3397.86,0.0614,sms,0.0
1762,b2c_new,98,7,3,617.85,0.0709,email,0.0
1763,b2c_new,98,3,0,1302.8,0.4099,sms,0.0
1764,b2c_new,167,4,0,577.9,0.4121,whatsapp,0.0
1765,b2c_new,170,3,0,2271.14,0.2614,whatsapp,0.0
1766,b2c_new,2669,39,8,5633.65,0.0157,whatsapp,0.0
1767,b2b,68,1,0,35510.23,0.3138,email,0.0
1768,b2c_new,221,6,1,1176.86,0.2628,email,0.0
1769,b2c_new,313,8,1,2564.02,0.0739,whatsapp,0.0
1770,b2c_returning,179,4,0,2298.01,0.1695,email,0.0
1771,b2c_returning,198,7,2,2119.07,0.2563,sms,0.0
1772,b2c_returning,70,1,0,722.85,0.2517,whatsapp,0.0
1773,b2c_returning,198,5,1,4519.41,0.1982,sms,0.0
1774,b2c_returning,285,5,1,789.09,0.2995,sms,0.0
1775,b2c_returning,241,4,2,1392.45,0.0214,none,0.0
1776,b2c_returning,300,7,1,3522.55,0.3321,none,0.0
1777,b2c_returning,641,13,5,1385.96,0.2301,email,0.0
1778,b2c_new,418,7,4,1902.75,0.1012,whatsapp,0.0
1779,b2c_new,191,3,3,1957.19,0.2058,sms,0.0
1780,b2c_new,62,1,0,1885.0,0.3244,whatsapp,0.0
1781,b2c_new,104,2,1,1950.97,0.1638,sms,0.0
1782,b2c_returning,147,2,0,2090.76,0.2146,none,0.0
1783,b2c_new,225,7,4,1896.63,0.0688,whatsapp,0.0
1784,b2c_new,117,1,0,961.7,0.3418,sms,0.0
1785,b2c_new,77,2,0,608.21,0.2982,sms,0.0
1786,b2c_returning,61,1,1,3620.01,0.3587,email,0.0
1787,b2c_new,40,0,0,3737.56,0.3389,email,0.0
1788,b2c_returning,145,3,0,2279.64,0.126,sms,0.0
1789,b2c_returning,47,1,1,2266.35,0.3472,sms,0.0
1790,b2c_new,73,1,0,948.53,0.2587,whatsapp,0.0
1791,b2c_returning,126,2,3,326.53,0.447,whatsapp,0.0
1792,b2c_new,54,1,0,1512.41,0.1987,email,0.0
1793,b2c_new,253,6,2,476.94,0.134,email,0.0
1794,b2c_returning,350,5,1,2048.01,0.3493,email,0.0
1795,b2b,109,4,3,17808.77,0.2754,sms,0.0
1796,b2c_new,121,2,0,1169.4,0.042,sms,0.0
1797,b2c_returning,291,10,0,1217.38,0.2542,email,0.0
1798,b2c_new,94,2,0,890.21,0.1748,email,0.0
1799,b2c_returning,88,3,1,1856.63,0.2628,email,0.0
1800,b2c_returning,528,12,5,1758.61,0.2922,sms,0.0
1801,b2c_returning,398,11,2,881.96,0.0721,none,0.0
1802,b2c_returning,309,7,3,3409.58,0.4043,none,0.0
1803,b2c_new,414,11,6,11934.65,0.1932,sms,0.0
1804,b2c_returning,30,0,0,4139.97,0.2049,whatsapp,0.0
1805,b2c_returning,608,9,3,1665.9,0.0857,whatsapp,0.0
1806,b2c_returning,256,4,2,1652.03,0.1785,email,0.0
1807,b2c_new,447,6,3,1256.46,0.411,whatsapp,0.0
1808,b2c_new,255,1,1,1238.46,0.1818,email,0.0
1809,b2c_new,188,3,0,3520.12,0.4959,sms,0.0
1810,b2c_new,140,7,3,3629.09,0.1612,none,0.0
1811,b2c_new,250,6,0,793.83,0.058,email,0.0
1812,b2c_new,135,2,1,2326.13,0.2302,sms,0.0
1813,b2c_returning,393,6,3,3917.97,0.2155,whatsapp,0.0
1814,b2c_new,43,1,1,1408.69,0.071,email,0.0
1815,b2c_returning,110,2,0,1552.26,0.037,none,0.0
1816,b2c_returning,1133,21,9,2929.92,0.0635,email,0.0
1817,b2c_returning,102,3,2,2988.82,0.2114,whatsapp,0.0
1818,b2c_new,145,5,1,2430.57,0.1457,email,0.0
1819,b2c_new,81,1,0,2150.6,0.1994,sms,0.0
1820,b2c_returning,243,5,3,2362.68,0.0696,email,0.0
1821,b2b,92,2,0,38435.66,0.2577,whatsapp,0.0
1822,b2c_new,152,2,1,823.15,0.0362,whatsapp,0.0
1823,b2c_returning,386,5,2,605.41,0.1206,sms,0.0
1824,b2c_returning,95,2,1,2731.03,0.2353,none,0.0
1825,b2c_returning,366,10,5,1941.62,0.299,whatsapp,0.0
1826,b2c_new,377,6,1,2476.01,0.0385,whatsapp,0.0
1827,b2c_returning,465,8,2,1007.6,0.1474,whatsapp,0.0
1828,b2c_new,204,9,1,1934.01,0.1043,email,0.0
1829,b2b,3327,36,9,38628.39,0.1004,email,0.0
1830,b2c_new,464,8,2,4406.55,0.0882,email,0.0
1831,b2c_new,241,3,1,3267.47,0.2508,sms,0.0
1832,b2b,81,2,1,8561.68,0.1583,email,0.0
1833,b2c_new,164,4,1,2562.48,0.1543,email,0.0
1834,b2c_new,649,11,3,1067.12,0.2357,whatsapp,0.0
1835,b2c_new,838,13,5,289.01,0.3003,email,0.0
1836,b2c_new,680,12,5,6025.21,0.1505,email,0.0
1837,b2c_new,364,9,4,1384.5,0.1996,whatsapp,0.0
1838,b2c_new,58,3,1,3726.28,0.2209,email,0.0
1839,b2c_returning,279,7,3,1132.97,0.2371,sms,0.0
1840,b2c_returning,58,0,0,1022.9,0.2285,whatsapp,0.0
1841,b2c_new,47,2,0,1227.74,0.1516,sms,0.0
1842,b2c_returning,223,1,0,2148.22,0.1774,email,0.0
1843,b2c_new,288,2,0,2036.21,0.0136,whatsapp,0.0
1844,b2b,405,11,1,120416.79,0.0871,whatsapp,0.0
1845,b2c_new,281,9,7,1271.67,0.0786,whatsapp,0.0
1846,b2c_returning,290,7,1,1851.67,0.2332,sms,0.0
1847,b2c_new,74,2,0,997.57,0.1908,whatsapp,0.0
1848,b2c_returning,163,4,4,5034.4,0.3918,sms,0.0
1849,b2c_new,46,1,0,717.48,0.2183,email,0.0
1850,b2c_returning,29,1,0,1012.48,0.2153,whatsapp,0.0
1851,b2c_new,350,4,2,1338.29,0.1418,email,0.0
1852,b2b,91,3,0,21260.26,0.1448,whatsapp,0.0
1853,b2c_returning,394,6,4,3078.89,0.0746,whatsapp,0.0
1854,b2c_returning,488,12,8,990.33,0.0544,sms,0.0
1855,b2c_returning,103,0,0,3200.54,0.1857,email,0.0
1856,b2b,306,6,2,55593.0,0.345,whatsapp,0.0
1857,b2c_new,99,2,0,2180.18,0.2503,whatsapp,0.0
1858,b2c_new,34,2,0,2929.57,0.2497,email,0.0
1859,b2c_new,201,6,2,1874.68,0.4228,whatsapp,0.0
1860,b2c_new,117,3,1,2028.6,0.1913,email,0.0
1861,b2c_returning,121,1,0,606.98,0.1295,whatsapp,0.0
1862,b2b,1065,22,7,59453.18,0.2964,email,0.0
1863,b2b,45,0,0,22466.99,0.1199,whatsapp,0.0
1864,b2c_returning,254,5,1,757.09,0.0745,whatsapp,0.0
1865,b2c_returning,73,1,1,1264.61,0.1882,sms,0.0
1866,b2c_returning,407,12,3,1300.76,0.0986,none,0.0
1867,b2b,235,4,0,70992.16,0.2991,none,0.0
1868,b2c_new,253,6,3,3102.29,0.0431,email,0.0
1869,b2c_returning,76,3,0,3559.86,0.2876,email,0.0
1870,b2c_returning,90,4,1,456.73,0.2831,whatsapp,0.0
1871,b2c_new,414,11,5,1255.39,0.2274,email,0.0
1872,b2c_new,885,16,4,1319.98,0.3279,email,0.0
1873,b2b,277,5,2,16100.67,0.2252,email,0.0
1874,b2b,80,0,0,56282.48,0.0682,email,0.0
1875,b2b,244,5,2,100177.09,0.3577,whatsapp,0.0
1876,b2c_returning,1599,32,10,5373.48,0.1604,email,0.0
1877,b2c_new,197,2,0,1624.89,0.4089,email,0.0
1878,b2c_new,670,15,5,5408.63,0.2326,none,0.0
1879,b2c_returning,92,1,0,1447.9,0.4103,email,0.0
1880,b2c_returning,173,1,0,1333.93,0.2241,email,0.0
1881,b2c_returning,314,5,2,1771.7,0.1296,sms,0.0
1882,b2c_returning,257,6,1,4447.59,0.0819,whatsapp,0.0
1883,b2c_new,90,2,1,2010.95,0.0637,whatsapp,0.0
1884,b2c_returning,86,3,0,2083.95,0.4126,email,0.0
1885,b2c_new,438,8,2,2810.82,0.2745,whatsapp,0.0
1886,b2c_new,526,13,3,972.37,0.1377,sms,0.0
1887,b2c_new,701,13,3,2278.39,0.1075,whatsapp,0.0
1888,b2c_new,912,21,8,1159.61,0.5053,sms,0.0
1889,b2c_returning,203,7,1,5041.34,0.2108,email,0.0
1890,b2c_new,136,2,0,2412.95,0.2832,whatsapp,0.0
1891,b2c_new,607,18,4,2923.25,0.0625,sms,0.0
1892,b2c_returning,341,8,0,431.82,0.0788,sms,0.0
1893,b2c_returning,74,1,0,2952.05,0.0348,whatsapp,0.0
1894,b2c_new,71,6,0,1589.64,0.3508,sms,0.0
1895,b2c_new,280,7,1,658.21,0.3383,whatsapp,0.0
1896,b2c_new,153,3,0,1923.74,0.2626,email,0.0
1897,b2c_returning,175,1,0,621.88,0.14,email,0.0
1898,b2c_new,472,13,1,2760.76,0.3161,whatsapp,0.0
1899,b2c_new,356,5,3,4911.44,0.0916,email,0.0
1900,b2c_new,595,21,12,513.96,0.1206,email,0.0
1901,b2c_returning,31,0,0,1762.62,0.3057,email,0.0
1902,b2c_new,226,3,0,1603.78,0.3384,whatsapp,0.0
1903,b2c_returning,336,7,3,447.13,0.1286,none,0.0
1904,b2c_new,45,1,0,3418.97,0.0646,whatsapp,0.0
1905,b2c_returning,99,2,0,2789.28,0.2147,whatsapp,0.0
1906,b2c_new,84,3,0,7433.88,0.1658,whatsapp,0.0
1907,b2c_new,183,6,3,2547.48,0.1259,whatsapp,0.0
1908,b2c_new,779,22,11,972.86,0.0646,email,0.0
1909,b2c_returning,1111,27,5,2580.08,0.1435,email,0.0
1910,b2c_returning,86,0,0,4424.48,0.1382,whatsapp,0.0
1911,b2c_new,289,10,1,1300.02,0.1848,none,0.0
1912,b2c_new,297,10,2,3268.97,0.3472,whatsapp,0.0
1913,b2b,255,4,2,139961.38,0.233,email,0.0
1914,b2c_returning,257,5,0,5054.78,0.0282,none,0.0
1915,b2c_new,236,2,1,3152.07,0.2651,email,0.0
1916,b2c_new,822,21,6,303.23,0.1943,sms,0.0
1917,b2c_returning,485,10,4,2352.89,0.0432,whatsapp,0.0
1918,b2c_returning,69,1,1,448.09,0.2079,sms,0.0
1919,b2c_returning,368,5,2,1173.54,0.0826,whatsapp,0.0
1920,b2b,401,8,0,60689.62,0.2211,email,0.0
1921,b2c_new,238,4,0,1636.51,0.2891,none,0.0
1922,b2c_new,498,11,3,4338.01,0.0698,email,0.0
1923,b2c_new,213,6,2,1882.12,0.3721,whatsapp,0.0
1924,b2c_new,215,1,0,1753.43,0.1714,email,0.0
1925,b2c_new,200,8,1,3883.49,0.166,email,0.0
1926,b2c_new,29,0,0,1421.15,0.073,email,0.0
1927,b2c_new,167,5,4,1768.57,0.1239,email,0.0
1928,b2c_returning,98,3,3,1939.55,0.1153,email,0.0
1929,b2c_new,61,2,0,1716.93,0.0041,email,0.0
1930,b2c_new,654,15,4,4054.95,0.2478,none,0.0
1931,b2c_returning,283,7,3,1128.65,0.0482,email,0.0
1932,b2c_returning,175,2,1,1006.59,0.0923,whatsapp,0.0
1933,b2c_returning,108,2,0,856.08,0.3678,whatsapp,0.0
1934,b2c_returning,234,7,2,401.92,0.2953,whatsapp,0.0
1935,b2c_returning,439,14,5,5085.56,0.0174,sms,0.0
1936,b2c_new,85,4,1,958.14,0.282,email,0.0
1937,b2c_new,179,2,0,1523.13,0.0579,email,0.0
1938,b2c_returning,393,11,6,5356.85,0.2443,email,0.0
1939,b2c_new,31,0,0,1629.81,0.1052,sms,0.0
1940,b2c_new,170,5,1,2580.21,0.1294,whatsapp,0.0
1941,b2c_new,122,2,1,665.89,0.1056,whatsapp,0.0
1942,b2c_new,159,5,0,4790.5,0.19,whatsapp,0.0
1943,b2c_new,114,1,0,1653.13,0.1379,whatsapp,0.0
1944,b2c_new,203,6,0,882.48,0.2815,email,0.0
1945,b2c_returning,1016,23,4,882.03,0.1401,whatsapp,0.0
1946,b2b,134,4,0,29828.71,0.3459,email,0.0
1947,b2c_new,234,5,3,1194.18,0.3032,whatsapp,0.0
1948,b2b,1083,31,10,79967.91,0.0269,sms,0.0
1949,b2c_new,109,1,2,1329.28,0.2958,whatsapp,0.0
1950,b2b,921,22,6,37593.07,0.0131,whatsapp,0.0
1951,b2b,180,6,0,26483.79,0.2396,whatsapp,0.0
1952,b2c_new,894,17,8,2456.74,0.3968,sms,0.0
1953,b2c_returning,353,9,4,2121.49,0.7493,none,0.0
1954,b2b,237,1,0,22172.77,0.1261,email,0.0
1955,b2b,169,3,0,44138.74,0.1181,whatsapp,0.0
1956,b2b,102,2,0,35435.81,0.3769,sms,0.0
1957,b2c_returning,192,5,3,1278.74,0.0369,email,0.0
1958,b2c_new,403,9,2,4638.83,0.1754,sms,0.0
1959,b2c_returning,177,7,0,1183.5,0.3174,email,0.0
1960,b2c_returning,135,1,0,662.56,0.2251,sms,0.0
1961,b2c_returning,143,2,0,560.36,0.2508,email,0.0
1962,b2c_new,439,8,2,2226.77,0.2246,whatsapp,0.0
1963,b2c_returning,542,13,0,4059.9,0.1962,whatsapp,0.0
1964,b2c_new,98,4,2,804.18,0.1845,email,0.0
1965,b2c_returning,98,2,2,973.89,0.2388,whatsapp,0.0
1966,b2c_new,253,4,0,2358.62,0.2521,none,0.0
1967,b2c_returning,711,16,5,1796.8,0.0997,email,0.0
1968,b2c_returning,504,10,6,1194.63,0.0792,sms,0.0
1969,b2c_new,58,1,0,735.14,0.2739,whatsapp,0.0
1970,b2c_returning,141,2,2,2234.77,0.207,email,0.0
1971,b2c_new,77,3,1,2842.94,0.248,none,0.0
1972,b2b,141,11,1,51501.19,0.23,none,0.0
1973,b2c_returning,762,14,7,1833.72,0.1475,sms,0.0
1974,b2c_new,50,1,0,859.67,0.1106,sms,0.0
1975,b2c_new,41,0,0,2243.36,0.1121,none,0.0
1976,b2c_new,85,1,0,2129.03,0.4063,email,0.0
1977,b2c_new,233,7,3,717.87,0.29,email,0.0
1978,b2b,314,14,5,17560.59,0.4425,email,0.0
1979,b2c_returning,266,6,2,2326.32,0.1035,whatsapp,0.0
1980,b2c_new,518,11,4,1704.07,0.1283,whatsapp,0.0
1981,b2c_returning,36,1,1,456.31,0.1539,whatsapp,0.0
1982,b2c_new,524,5,1,1149.74,0.1217,email,0.0
1983,b2c_returning,135,1,2,1097.43,0.1695,sms,0.0
1984,b2c_new,347,7,1,2662.57,0.4228,whatsapp,0.0
1985,b2c_returning,54,1,0,11096.78,0.1503,email,0.0
1986,b2b,180,3,1,42248.05,0.1534,whatsapp,0.0
1987,b2c_new,222,4,2,778.19,0.2371,email,0.0
1988,b2c_returning,509,11,2,1608.71,0.2192,email,0.0
1989,b2b,43,0,0,30754.22,0.4584,email,0.0
1990,b2c_new,185,4,0,3056.91,0.277,whatsapp,0.0
1991,b2c_new,67,5,0,4294.23,0.11,whatsapp,0.0
1992,b2c_returning,283,7,4,4765.96,0.152,whatsapp,0.0
1993,b2c_new,362,7,1,2621.76,0.1133,whatsapp,0.0
1994,b2c_new,573,17,4,1799.0,0.2073,none,0.0
1995,b2c_new,111,1,0,5084.35,0.1956,sms,0.0
1996,b2c_returning,414,11,1,1411.33,0.1038,none,0.0
1997,b2c_new,612,10,6,1869.97,0.121,whatsapp,0.0
1998,b2c_new,41,0,0,1517.98,0.0569,sms,0.0
1999,b2c_returning,312,6,4,404.9,0.1986,email,0.0
2000,b2c_returning,426,8,1,4384.24,0.3873,none,0.0
2001,b2c_returning,142,5,1,2888.25,0.1488,sms,0.0
2002,b2c_new,60,1,0,342.59,0.2991,whatsapp,0.0
2003,b2b,420,10,3,19628.48,0.3553,sms,0.0
2004,b2c_returning,61,0,0,1455.55,0.1668,sms,0.0
2005,b2c_new,153,4,2,3595.81,0.2143,sms,0.0
2006,b2c_returning,173,3,1,1898.07,0.1795,sms,0.0
2007,b2c_new,342,7,4,696.04,0.0613,whatsapp,0.0
2008,b2c_new,102,4,1,1833.51,0.139,whatsapp,0.0
2009,b2c_new,97,1,0,959.7,0.2265,whatsapp,0.0
2010,b2c_returning,196,3,2,764.73,0.1072,sms,0.0
2011,b2c_new,445,16,0,3302.59,0.2354,email,0.0
2012,b2c_new,1410,38,15,2367.58,0.1685,sms,0.0
2013,b2c_new,46,2,1,5135.03,0.2188,email,0.0
2014,b2c_new,239,7,2,1365.77,0.3024,whatsapp,0.0
2015,b2c_new,67,1,0,917.37,0.1637,whatsapp,0.0
2016,b2c_returning,450,10,3,2814.96,0.2114,email,0.0
2017,b2c_new,77,2,0,1004.22,0.0815,whatsapp,0.0
2018,b2c_new,98,2,0,1448.68,0.0704,email,0.0
2019,b2c_returning,105,1,1,2599.59,0.1448,none,0.0
2020,b2c_new,168,4,0,1648.1,0.2278,email,0.0
2021,b2c_returning,240,6,4,1278.48,0.1721,whatsapp,0.0
2022,b2c_new,278,7,3,674.3,0.119,whatsapp,0.0
2023,b2c_new,179,3,1,3468.11,0.2784,none,0.0
2024,b2c_new,54,2,1,1390.81,0.1965,whatsapp,0.0
2025,b2c_new,346,7,3,2774.45,0.2779,whatsapp,0.0
2026,b2c_new,171,3,1,2529.4,0.0785,sms,0.0
2027,b2c_returning,512,11,1,3863.94,0.0776,sms,0.0
2028,b2c_new,95,2,0,1526.36,0.0675,email,0.0
2029,b2c_returning,42,0,0,1411.12,0.0759,none,0.0
2030,b2c_returning,174,6,2,828.61,0.1447,whatsapp,0.0
2031,b2c_new,577,15,4,1231.13,0.0658,whatsapp,0.0
2032,b2c_returning,208,7,0,2285.54,0.3092,email,0.0
2033,b2c_new,150,4,2,1015.97,0.1352,sms,0.0
2034,b2c_new,82,3,0,2245.3,0.3986,email,0.0
2035,b2c_new,875,12,2,5027.34,0.0951,email,0.0
2036,b2c_returning,71,4,3,1318.03,0.4588,sms,0.0
2037,b2b,93,0,0,27380.18,0.2517,email,0.0
2038,b2c_new,300,6,3,1347.71,0.0673,whatsapp,0.0
2039,b2c_returning,33,1,0,664.93,0.254,sms,0.0
2040,b2c_returning,566,12,3,4580.2,0.4454,sms,0.0
2041,b2c_new,315,5,2,1910.15,0.5891,whatsapp,0.0
2042,b2c_returning,404,11,4,1080.98,0.0662,whatsapp,0.0
2043,b2c_returning,297,10,4,1216.39,0.0587,sms,0.0
2044,b2b,155,1,0,47109.29,0.2178,none,0.0
2045,b2b,69,2,0,46638.43,0.2463,email,0.0
2046,b2c_new,158,3,2,6513.16,0.3013,whatsapp,0.0
2047,b2c_new,74,1,1,632.5,0.0325,whatsapp,0.0
2048,b2c_returning,278,8,2,3736.2,0.0635,email,0.0
2049,b2c_new,372,12,8,1515.42,0.0775,sms,0.0
2050,b2c_new,679,15,4,4371.17,0.0311,email,0.0
2051,b2b,251,8,2,28190.39,0.0354,email,0.0
2052,b2c_new,413,4,2,2107.63,0.1274,email,0.0
2053,b2c_new,137,4,0,1352.91,0.1865,whatsapp,0.0
2054,b2c_returning,117,4,1,2855.22,0.0921,email,0.0
2055,b2c_new,275,7,1,1878.71,0.111,email,0.0
2056,b2c_new,127,1,1,1828.26,0.0382,email,0.0
2057,b2b,229,4,0,27617.43,0.3545,whatsapp,0.0
2058,b2c_new,69,4,0,5373.05,0.3718,email,0.0
2059,b2c_new,81,2,1,1592.5,0.0777,whatsapp,0.0
2060,b2c_new,318,7,1,3296.25,0.3123,email,0.0
2061,b2b,399,18,9,23462.11,0.4294,email,0.0
2062,b2c_new,74,1,1,3353.33,0.2884,whatsapp,0.0
2063,b2c_returning,329,9,3,884.67,0.143,whatsapp,0.0
2064,b2c_new,111,2,0,2952.96,0.5011,whatsapp,0.0
2065,b2c_new,182,4,0,2278.68,0.2595,none,0.0
2066,b2b,644,12,2,61118.71,0.3427,whatsapp,0.0
2067,b2c_returning,372,9,3,1551.33,0.1834,whatsapp,0.0
2068,b2b,368,5,1,28831.34,0.2921,email,0.0
2069,b2c_new,1003,14,1,1368.24,0.147,email,0.0
2070,b2c_returning,95,1,0,1391.57,0.1449,none,0.0
2071,b2c_returning,74,3,0,2467.69,0.0175,whatsapp,0.0
2072,b2c_new,93,3,1,1232.66,0.0958,sms,0.0
2073,b2c_new,143,6,1,1985.96,0.0819,sms,0.0
2074,b2c_returning,21,0,0,1314.62,0.1049,whatsapp,0.0
2075,b2c_new,149,2,2,2385.61,0.2555,whatsapp,0.0
2076,b2c_returning,110,4,1,1723.69,0.2431,email,0.0
2077,b2b,364,5,1,31496.25,0.0999,email,0.0
2078,b2c_new,247,4,2,1858.91,0.3729,email,0.0
2079,b2c_new,104,2,1,1540.27,0.3948,whatsapp,0.0
2080,b2c_new,306,6,1,3700.22,0.0952,sms,0.0
2081,b2c_new,345,5,1,679.79,0.2754,whatsapp,0.0
2082,b2c_new,90,2,1,5882.56,0.2584,whatsapp,0.0
2083,b2c_returning,115,6,2,901.09,0.1195,none,0.0
2084,b2c_new,24,0,0,4147.48,0.2022,whatsapp,0.0
2085,b2c_returning,67,1,1,4989.89,0.3638,sms,0.0
2086,b2c_new,92,1,0,1245.73,0.1534,whatsapp,0.0
2087,b2c_new,192,4,2,1332.41,0.3341,whatsapp,0.0
2088,b2c_new,76,0,0,1667.56,0.4062,email,0.0
2089,b2c_returning,113,1,0,2781.16,0.4353,email,0.0
2090,b2c_new,59,1,1,895.07,0.1208,whatsapp,0.0
2091,b2c_new,209,2,1,1667.5,0.0483,none,0.0
2092,b2c_returning,264,7,2,1445.4,0.0842,email,0.0
2093,b2c_returning,258,5,1,804.02,0.3487,sms,0.0
2094,b2c_new,182,3,1,866.13,0.166,whatsapp,0.0
2095,b2b,44,0,0,62976.49,0.3905,email,0.0
2096,b2c_new,103,0,0,1944.79,0.3561,none,0.0
2097,b2c_new,124,1,0,1054.43,0.4947,email,0.0
2098,b2c_new,125,2,2,1902.67,0.2189,email,0.0
2099,b2c_new,192,5,1,1144.44,0.3996,email,0.0
2100,b2c_new,649,14,2,4494.03,0.0813,email,0.0
2101,b2c_returning,373,11,3,1674.81,0.0605,email,0.0
2102,b2c_new,74,1,0,3880.88,0.2976,whatsapp,0.0
2103,b2c_returning,331,7,1,550.41,0.3181,email,0.0
2104,b2b,320,11,6,30590.12,0.4152,none,0.0
2105,b2c_returning,87,2,1,2732.02,0.1827,email,0.0
2106,b2c_returning,386,12,1,1634.39,0.2851,sms,0.0
2107,b2c_returning,155,3,0,1234.41,0.1668,whatsapp,0.0
2108,b2b,50,2,2,35511.76,0.2549,email,0.0
2109,b2c_new,271,3,2,3026.82,0.2183,whatsapp,0.0
2110,b2c_new,218,5,2,771.37,0.1051,email,0.0
2111,b2c_returning,146,3,0,2939.18,0.1493,whatsapp,0.0
2112,b2c_returning,174,3,2,2249.35,0.0803,sms,0.0
2113,b2c_new,94,1,0,1499.65,0.0843,email,0.0
2114,b2c_returning,311,9,6,1545.18,0.0557,whatsapp,0.0
2115,b2c_new,173,10,1,1879.66,0.2637,email,0.0
2116,b2b,209,4,3,37501.39,0.3856,none,0.0
2117,b2c_new,248,8,2,2296.5,0.3594,sms,0.0
2118,b2c_new,63,1,0,930.44,0.077,sms,0.0
2119,b2c_new,80,4,2,1327.21,0.3006,email,0.0
2120,b2c_new,24,0,0,807.82,0.3441,sms,0.0
2121,b2c_new,299,9,4,479.47,0.2122,whatsapp,0.0
2122,b2c_new,60,3,0,797.95,0.2661,sms,0.0
2123,b2c_new,202,3,1,1957.84,0.2109,whatsapp,0.0
2124,b2c_new,251,0,0,4391.0,0.1461,email,0.0
2125,b2c_new,309,4,1,3614.05,0.2198,whatsapp,0.0
2126,b2c_new,60,1,0,801.8,0.0737,sms,0.0
2127,b2c_new,169,6,4,1029.87,0.0782,sms,0.0
2128,b2c_new,809,17,6,933.05,0.3047,email,0.0
2129,b2c_new,842,19,7,295.43,0.1743,email,0.0
2130,b2c_new,437,8,1,1600.7,0.3002,email,0.0
2131,b2c_new,243,12,5,3158.4,0.117,whatsapp,0.0
2132,b2c_returning,72,1,0,1508.5,0.4125,sms,0.0
2133,b2b,343,7,3,26697.55,0.3856,email,0.0
2134,b2b,156,5,1,22582.37,0.2714,whatsapp,0.0
2135,b2c_returning,298,7,1,1429.88,0.1643,sms,0.0
2136,b2c_returning,101,0,0,3086.2,0.4022,email,0.0
2137,b2c_new,154,3,1,1583.78,0.3332,whatsapp,0.0
2138,b2c_returning,208,4,1,2807.3,0.06,email,0.0
2139,b2c_returning,224,5,1,1700.37,0.1604,whatsapp,0.0
2140,b2c_returning,280,5,4,2124.51,0.1352,whatsapp,0.0
2141,b2c_returning,106,6,0,932.08,0.1297,email,0.0
2142,b2c_new,53,1,0,1113.71,0.1684,whatsapp,0.0
2143,b2c_returning,776,15,5,747.31,0.1441,email,0.0
2144,b2c_returning,1691,32,7,2742.71,0.1898,whatsapp,0.0
2145,b2c_new,269,6,1,1468.08,0.0807,email,0.0
2146,b2b,54,1,1,54019.79,0.1921,email,0.0
2147,b2c_new,89,1,1,2520.85,0.126,email,0.0
2148,b2b,284,7,3,30296.79,0.3861,sms,0.0
2149,b2c_returning,601,18,6,1019.78,0.2612,email,0.0
2150,b2c_new,60,0,0,2519.31,0.2319,sms,0.0
2151,b2c_returning,160,5,2,1554.23,0.4013,whatsapp,0.0
2152,b2c_new,214,5,2,408.74,0.16,email,0.0
2153,b2c_returning,391,1,0,7062.96,0.2775,email,0.0
2154,b2c_returning,132,4,0,1560.78,0.0955,email,0.0
2155,b2c_returning,44,2,1,2072.55,0.0368,whatsapp,0.0
2156,b2c_returning,314,4,0,1162.5,0.0858,whatsapp,0.0
2157,b2c_new,495,11,2,1463.62,0.2872,whatsapp,0.0
2158,b2c_new,167,4,2,2015.67,0.1005,whatsapp,0.0
2159,b2c_new,259,9,3,867.63,0.0897,whatsapp,0.0
2160,b2c_new,117,5,0,5891.8,0.3948,email,0.0
2161,b2c_new,84,1,1,3236.49,0.0558,whatsapp,0.0
2162,b2c_new,453,13,3,2584.59,0.1404,email,0.0
2163,b2c_new,255,8,2,1629.93,0.2049,whatsapp,0.0
2164,b2c_new,279,7,2,1056.47,0.1483,whatsapp,0.0
2165,b2c_returning,695,12,4,3701.91,0.1536,email,0.0
2166,b2c_new,69,0,0,2760.11,0.2712,email,0.0
2167,b2c_returning,109,2,1,1360.96,0.0587,email,0.0
2168,b2c_new,207,7,2,842.5,0.0755,whatsapp,0.0
2169,b2c_new,108,0,0,597.29,0.0792,sms,0.0
2170,b2c_returning,364,9,3,1836.36,0.267,sms,0.0
2171,b2c_new,152,4,2,1512.16,0.1159,sms,0.0
2172,b2c_new,73,0,0,4127.71,0.1625,whatsapp,0.0
2173,b2c_returning,190,3,0,3605.03,0.3523,whatsapp,0.0
2174,b2c_new,209,5,2,1849.68,0.3798,whatsapp,0.0
2175,b2c_new,417,3,0,1700.64,0.1513,none,0.0
2176,b2c_returning,256,6,1,803.58,0.2031,email,0.0
2177,b2c_new,272,6,2,3782.82,0.1638,email,0.0
2178,b2c_returning,240,3,1,1729.92,0.2085,whatsapp,0.0
2179,b2c_new,151,4,1,2749.68,0.1401,email,0.0
2180,b2b,94,0,0,40005.14,0.2576,whatsapp,0.0
2181,b2c_returning,233,5,0,1211.5,0.0786,none,0.0
2182,b2b,133,5,0,37334.55,0.056,sms,0.0
2183,b2c_returning,823,23,6,10133.84,0.107,email,0.0
2184,b2c_new,602,18,7,2728.94,0.1245,none,0.0
2185,b2c_returning,318,3,1,1481.07,0.2204,sms,0.0
2186,b2c_new,253,3,1,4287.54,0.2736,email,0.0
2187,b2c_returning,166,2,2,1450.64,0.2325,sms,0.0
2188,b2c_returning,57,2,0,2260.59,0.0937,email,0.0
2189,b2c_new,148,6,0,1209.28,0.2642,email,0.0
2190,b2b,197,3,0,140582.06,0.1956,email,0.0
2191,b2c_new,221,6,2,1485.78,0.4351,sms,0.0
2192,b2c_returning,274,9,4,1063.4,0.1235,sms,0.0
2193,b2c_returning,412,9,2,2133.56,0.0915,whatsapp,0.0
2194,b2c_new,96,3,1,1151.16,0.2636,sms,0.0
2195,b2c_returning,97,4,0,2693.87,0.0488,whatsapp,0.0
2196,b2c_returning,664,17,4,1454.42,0.2077,whatsapp,0.0
2197,b2c_new,360,6,2,539.95,0.1168,email,0.0
2198,b2c_returning,126,3,2,2779.8,0.2308,email,0.0
2199,b2c_new,163,2,1,2812.59,0.1435,whatsapp,0.0
2200,b2c_returning,164,4,0,8716.98,0.1128,email,0.0
2201,b2c_new,185,3,1,1822.47,0.3124,sms,0.0
2202,b2b,275,11,3,69216.15,0.3326,email,0.0
2203,b2c_returning,1762,43,10,2516.33,0.1207,sms,0.0
2204,b2c_new,213,3,0,3675.09,0.1584,sms,0.0
2205,b2c_new,326,9,1,3517.77,0.1515,whatsapp,0.0
2206,b2c_returning,39,1,0,2250.01,0.2083,whatsapp,0.0
2207,b2c_returning,116,1,0,1758.93,0.4842,sms,0.0
2208,b2c_new,543,13,6,3246.74,0.1693,sms,0.0
2209,b2c_new,258,4,5,1708.42,0.2679,sms,0.0
2210,b2c_new,3,0,0,730.06,0.2093,email,0.0
2211,b2b,330,6,3,55592.65,0.085,whatsapp,0.0
2212,b2c_new,1011,14,4,1465.95,0.057,sms,0.0
2213,b2c_returning,29,0,0,1957.69,0.3566,whatsapp,0.0
2214,b2c_new,706,12,3,10157.45,0.5242,email,0.0
2215,b2b,14,1,0,34835.58,0.0632,email,0.0
2216,b2c_new,418,13,6,1859.68,0.1266,whatsapp,0.0
2217,b2c_new,178,3,1,1356.29,0.1444,whatsapp,0.0
2218,b2b,21,0,0,21096.53,0.1178,email,0.0
2219,b2b,268,8,2,47049.12,0.3516,none,0.0
2220,b2c_new,507,13,4,1151.37,0.2025,whatsapp,0.0
2221,b2c_new,249,1,0,886.71,0.1623,sms,0.0
2222,b2c_new,304,6,5,1358.16,0.0845,whatsapp,0.0
2223,b2c_new,124,1,0,997.43,0.0113,whatsapp,0.0
2224,b2c_new,33,2,1,1531.08,0.4568,email,0.0
2225,b2c_returning,335,9,2,1987.39,0.1088,email,0.0
2226,b2c_new,869,13,6,1267.38,0.4087,whatsapp,0.0
2227,b2c_returning,497,14,5,4982.52,0.1047,sms,0.0
2228,b2c_new,30,0,0,4052.62,0.0669,whatsapp,0.0
2229,b2c_new,46,0,0,1532.8,0.2497,sms,0.0
2230,b2c_returning,84,2,1,916.56,0.1752,email,0.0
2231,b2c_new,42,1,0,1762.85,0.1895,email,0.0
2232,b2c_returning,187,5,0,1639.16,0.0359,email,0.0
2233,b2c_new,256,1,0,1722.61,0.2594,whatsapp,0.0
2234,b2b,49,2,0,78478.43,0.1829,email,0.0
2235,b2c_returning,362,9,1,863.47,0.3712,whatsapp,0.0
2236,b2c_returning,309,4,1,1844.5,0.4763,whatsapp,0.0
2237,b2c_new,109,0,0,1408.02,0.4097,email,0.0
2238,b2c_new,154,3,1,1498.45,0.3168,sms,0.0
2239,b2c_new,31,2,0,1922.37,0.0847,none,0.0
2240,b2c_returning,133,5,2,1714.7,0.0379,email,0.0
2241,b2c_new,181,7,2,1893.34,0.2235,sms,0.0
2242,b2c_new,209,5,0,1363.1,0.1834,sms,0.0
2243,b2c_new,253,3,0,2316.11,0.2575,none,0.0
2244,b2c_new,224,3,0,1089.07,0.2515,none,0.0
2245,b2c_new,141,5,0,840.49,0.3422,whatsapp,0.0
2246,b2c_new,232,3,0,965.41,0.3601,sms,0.0
2247,b2c_new,443,4,0,1120.87,0.1689,whatsapp,0.0
2248,b2c_returning,165,3,0,730.76,0.2845,sms,0.0
2249,b2c_new,239,7,3,550.4,0.0857,whatsapp,0.0
2250,b2c_new,152,1,0,2560.52,0.1099,none,0.0
2251,b2c_returning,100,1,0,4391.88,0.2133,email,0.0
2252,b2c_returning,288,4,0,2659.61,0.351,whatsapp,0.0
2253,b2c_new,109,3,0,1283.54,0.126,sms,0.0
2254,b2c_returning,254,10,4,541.33,0.4692,whatsapp,0.0
2255,b2b,184,7,0,37787.05,0.2452,sms,0.0
2256,b2c_returning,136,2,2,584.31,0.1676,email,0.0
2257,b2b,133,4,2,46505.91,0.1744,whatsapp,0.0
2258,b2c_returning,113,2,1,1028.48,0.0825,email,0.0
2259,b2c_new,40,1,0,364.72,0.1714,email,0.0
2260,b2c_new,254,5,1,5074.16,0.095,email,0.0
2261,b2c_returning,221,4,0,747.31,0.364,whatsapp,0.0
2262,b2b,386,5,2,17711.24,0.0368,whatsapp,0.0
2263,b2c_new,111,3,0,1644.62,0.3947,whatsapp,0.0
2264,b2c_new,991,23,7,1294.95,0.6301,email,0.0
2265,b2c_returning,127,1,0,2491.77,0.1138,sms,0.0
2266,b2c_new,81,1,1,1071.55,0.1564,email,0.0
2267,b2c_returning,73,2,0,2351.66,0.0847,email,0.0
2268,b2c_returning,37,0,0,2249.57,0.2287,whatsapp,0.0
2269,b2c_returning,715,7,1,686.16,0.1179,email,0.0
2270,b2c_returning,618,15,9,2123.1,0.0979,email,0.0
2271,b2c_returning,309,7,1,860.71,0.281,email,0.0
2272,b2c_returning,80,1,0,796.0,0.2142,none,0.0
2273,b2c_returning,918,24,5,2206.0,0.0667,sms,0.0
2274,b2c_returning,131,2,1,1352.48,0.0702,whatsapp,0.0
2275,b2c_returning,141,3,1,2336.94,0.2971,email,0.0
2276,b2c_new,656,15,3,2351.38,0.0855,sms,0.0
2277,b2c_returning,325,11,4,662.45,0.2598,whatsapp,0.0
2278,b2c_new,1304,31,9,3022.91,0.2719,email,0.0
2279,b2c_returning,225,3,5,2197.45,0.4498,email,0.0
2280,b2c_returning,125,0,0,1193.8,0.1504,email,0.0
2281,b2c_new,103,2,0,1636.69,0.5256,whatsapp,0.0
2282,b2c_new,34,2,2,3083.87,0.3092,whatsapp,0.0
2283,b2c_new,140,2,0,1439.16,0.1151,whatsapp,0.0
2284,b2c_returning,504,9,3,7912.69,0.0678,sms,0.0
2285,b2c_new,308,5,3,5110.37,0.2102,whatsapp,0.0
2286,b2c_new,183,5,0,1953.33,0.3903,sms,0.0
2287,b2c_returning,73,0,0,1534.49,0.1528,email,0.0
2288,b2c_returning,220,5,2,1581.72,0.47,sms,0.0
2289,b2c_new,447,9,2,1182.14,0.0255,email,0.0
2290,b2c_new,265,8,4,1964.9,0.0936,email,0.0
2291,b2b,209,6,1,71906.3,0.2923,none,0.0
2292,b2c_returning,87,1,0,699.88,0.1655,none,0.0
2293,b2c_returning,392,7,4,2822.81,0.2088,whatsapp,0.0
2294,b2c_new,10,0,0,3460.01,0.1739,email,0.0
2295,b2c_new,254,2,0,2686.69,0.0924,email,0.0
2296,b2c_new,1819,30,10,1643.5,0.4631,email,0.0
2297,b2c_returning,46,2,0,2609.68,0.0434,whatsapp,0.0
2298,b2c_new,144,3,0,4469.53,0.2407,email,0.0
2299,b2c_new,178,5,1,1728.15,0.1012,email,0.0
2300,b2c_returning,118,2,0,1830.0,0.4784,whatsapp,0.0
2301,b2b,457,11,3,45979.1,0.1163,sms,0.0
2302,b2c_returning,275,7,6,2231.91,0.1117,whatsapp,0.0
2303,b2c_new,206,4,2,889.3,0.0597,whatsapp,0.0
2304,b2c_new,368,8,4,3316.36,0.1583,whatsapp,0.0
2305,b2c_new,182,2,0,2384.87,0.1707,whatsapp,0.0
2306,b2c_new,3148,40,17,1137.68,0.2577,email,0.0
2307,b2c_returning,206,3,2,831.12,0.2851,email,0.0
2308,b2c_new,214,6,3,2127.2,0.1796,sms,0.0
2309,b2c_returning,38,1,0,1725.84,0.237,sms,0.0
2310,b2c_returning,110,0,0,753.38,0.3018,sms,0.0
2311,b2b,505,8,2,49649.35,0.1766,sms,0.0
2312,b2c_new,54,3,0,1618.95,0.0045,sms,0.0
2313,b2c_new,25,3,1,1723.05,0.2305,sms,0.0
2314,b2c_new,185,6,1,2539.33,0.1242,none,0.0
2315,b2c_new,618,14,5,524.38,0.1285,email,0.0
2316,b2c_new,186,2,0,826.38,0.1794,none,0.0
2317,b2c_new,133,3,0,1280.08,0.1471,whatsapp,0.0
2318,b2c_returning,33,1,1,4554.48,0.0907,email,0.0
2319,b2c_new,270,6,1,9442.62,0.1034,email,0.0
2320,b2b,326,5,3,14116.5,0.2603,whatsapp,0.0
2321,b2c_new,36,0,0,1858.31,0.2607,whatsapp,0.0
2322,b2c_new,499,11,4,325.44,0.2288,sms,0.0
2323,b2c_new,358,12,5,3390.27,0.2521,sms,0.0
2324,b2c_new,498,10,5,2465.85,0.3994,email,0.0
2325,b2c_new,304,6,2,2194.56,0.0861,whatsapp,0.0
2326,b2b,324,8,4,46850.19,0.1871,whatsapp,0.0
2327,b2c_new,287,5,2,7197.32,0.3244,sms,0.0
2328,b2c_new,393,13,1,5218.27,0.2086,whatsapp,0.0
2329,b2c_returning,35,1,0,2211.86,0.1367,email,0.0
2330,b2c_new,46,1,1,3604.5,0.1634,sms,0.0
2331,b2c_returning,92,2,0,1865.56,0.0779,whatsapp,0.0
2332,b2c_new,160,4,1,3198.05,0.0249,whatsapp,0.0
2333,b2c_returning,255,7,1,720.87,0.0282,sms,0.0
2334,b2c_new,241,7,6,366.48,0.2051,whatsapp,0.0
2335,b2c_new,491,11,1,740.18,0.0376,email,0.0
2336,b2c_returning,506,11,5,1023.52,0.1523,email,0.0
2337,b2c_returning,82,2,0,1147.16,0.0726,whatsapp,0.0
2338,b2c_new,223,4,0,2463.21,0.3842,whatsapp,0.0
2339,b2c_returning,83,3,1,1503.28,0.0857,email,0.0
2340,b2c_new,151,2,0,1764.24,0.2259,none,0.0
2341,b2c_new,240,7,3,785.5,0.1405,none,0.0
2342,b2c_new,8,0,0,739.32,0.158,email,0.0
2343,b2c_returning,1576,36,12,1852.54,0.2875,email,0.0
2344,b2c_new,299,4,1,1231.6,0.2021,email,0.0
2345,b2c_returning,105,3,0,1805.76,0.2851,none,0.0
2346,b2c_new,1020,18,4,2634.96,0.1758,sms,0.0
2347,b2c_returning,131,2,2,5671.35,0.3833,email,0.0
2348,b2c_returning,202,5,2,1774.41,0.1652,whatsapp,0.0
2349,b2c_new,116,0,0,6405.31,0.1447,email,0.0
2350,b2c_new,796,21,9,2392.12,0.1706,none,0.0
2351,b2c_new,163,5,2,2916.66,0.368,whatsapp,0.0
2352,b2c_returning,205,8,1,3761.98,0.4316,sms,0.0
2353,b2c_new,531,13,4,2979.06,0.2941,whatsapp,0.0
2354,b2c_returning,304,8,1,1026.95,0.0459,whatsapp,0.0
2355,b2c_new,171,4,3,3841.74,0.1363,whatsapp,0.0
2356,b2c_returning,488,11,6,1385.32,0.453,whatsapp,0.0
2357,b2c_new,1767,42,8,2223.25,0.3772,sms,0.0
2358,b2c_returning,239,2,0,1975.42,0.0557,whatsapp,0.0
2359,b2b,199,4,2,32054.32,0.1935,whatsapp,0.0
2360,b2c_new,209,4,0,2370.1,0.2738,none,0.0
2361,b2c_returning,585,13,1,682.14,0.1914,whatsapp,0.0
2362,b2c_new,104,2,0,7783.04,0.402,none,0.0
2363,b2c_new,140,4,1,3229.22,0.1091,email,0.0
2364,b2c_returning,45,3,1,1224.39,0.1526,email,0.0
2365,b2c_returning,62,3,1,811.94,0.1124,sms,0.0
2366,b2c_returning,112,5,1,3498.29,0.1507,email,0.0
2367,b2c_new,171,2,1,882.0,0.2604,whatsapp,0.0
2368,b2c_new,884,14,5,3152.79,0.4055,email,0.0
2369,b2c_new,291,3,0,3804.35,0.1555,sms,0.0
2370,b2c_returning,79,2,2,1142.19,0.2744,sms,0.0
2371,b2c_new,93,3,1,1073.04,0.0715,whatsapp,0.0
2372,b2c_new,620,13,6,1295.16,0.0371,email,0.0
2373,b2c_new,496,8,2,900.84,0.0611,none,0.0
2374,b2c_new,184,6,1,2113.79,0.0887,email,0.0
2375,b2c_new,120,3,1,2335.86,0.1468,email,0.0
2376,b2c_new,495,12,2,2995.26,0.0344,email,0.0
2377,b2c_returning,73,4,2,1004.47,0.336,whatsapp,0.0
2378,b2c_returning,256,7,3,3240.6,0.1704,email,0.0
2379,b2c_new,1391,29,5,901.6,0.0612,email,0.0
2380,b2c_returning,216,5,1,3239.31,0.4772,email,0.0
2381,b2c_returning,89,2,2,635.8,0.2992,sms,0.0
2382,b2c_new,260,5,0,5393.55,0.1024,sms,0.0
2383,b2c_new,117,0,0,1249.48,0.3526,email,0.0
2384,b2c_new,51,0,0,2737.78,0.2196,sms,0.0
2385,b2c_new,338,11,0,2894.2,0.0447,whatsapp,0.0
2386,b2c_returning,492,14,2,740.16,0.2589,sms,0.0
2387,b2b,136,7,1,87293.14,0.3434,whatsapp,0.0
2388,b2c_new,128,1,1,1224.17,0.0467,none,0.0
2389,b2c_returning,75,2,0,1452.86,0.1147,whatsapp,0.0
2390,b2c_new,157,8,2,1125.95,0.105,whatsapp,0.0
2391,b2c_returning,108,4,2,5570.26,0.3205,email,0.0
2392,b2c_returning,72,1,0,793.58,0.0089,sms,0.0
2393,b2c_new,988,28,11,2432.67,0.3926,email,0.0
2394,b2c_new,273,4,2,1163.26,0.0594,sms,0.0
2395,b2c_returning,301,11,2,3863.36,0.1546,email,0.0
2396,b2b,398,6,0,31883.19,0.4393,sms,0.0
2397,b2c_new,360,14,3,1157.83,0.2607,sms,0.0
2398,b2c_new,124,2,0,1985.41,0.0975,whatsapp,0.0
2399,b2c_new,230,2,1,1374.58,0.4566,email,0.0
2400,b2c_returning,141,4,1,3722.65,0.5305,email,0.0
2401,b2c_returning,267,5,1,1512.4,0.1263,sms,0.0
2402,b2c_returning,244,6,1,3392.79,0.1648,sms,0.0
2403,b2c_returning,127,1,0,1362.57,0.2677,email,0.0
2404,b2c_returning,54,0,0,8657.3,0.2954,whatsapp,0.0
2405,b2c_returning,205,4,0,388.18,0.1261,whatsapp,0.0
2406,b2c_new,149,4,0,2343.38,0.0859,email,0.0
2407,b2c_returning,32,1,1,1786.77,0.0517,email,0.0
2408,b2c_new,284,9,7,1742.07,0.1541,whatsapp,0.0
2409,b2c_new,429,15,3,2198.03,0.0777,sms,0.0
2410,b2b,1751,30,13,46715.41,0.0316,email,0.0
2411,b2c_returning,126,4,2,2098.27,0.3643,email,0.0
2412,b2b,110,1,0,54095.58,0.0647,none,0.0
2413,b2c_new,66,0,0,6123.13,0.1276,sms,0.0
2414,b2c_returning,217,7,1,259.73,0.1454,email,0.0
2415,b2c_new,215,2,3,6558.37,0.2413,whatsapp,0.0
2416,b2c_new,86,1,2,10801.07,0.109,email,0.0
2417,b2c_new,153,4,1,528.36,0.3283,email,0.0
2418,b2c_returning,30,0,0,1861.32,0.2048,whatsapp,0.0
2419,b2c_new,414,7,0,4700.61,0.1704,none,0.0
2420,b2b,89,1,0,85356.33,0.2734,sms,0.0
2421,b2c_new,174,5,5,5819.03,0.2651,whatsapp,0.0
2422,b2c_new,49,1,0,2335.32,0.239,sms,0.0
2423,b2c_returning,106,1,0,433.8,0.2545,whatsapp,0.0
2424,b2c_new,139,7,2,4486.3,0.4577,whatsapp,0.0
2425,b2b,178,1,0,13189.61,0.1246,whatsapp,0.0
2426,b2c_returning,277,11,5,5024.0,0.5975,email,0.0
2427,b2c_new,657,17,4,615.08,0.0217,email,0.0
2428,b2c_returning,348,4,3,768.43,0.0934,whatsapp,0.0
2429,b2c_returning,427,14,4,1820.85,0.0934,sms,0.0
2430,b2c_returning,661,11,5,4576.58,0.1179,none,0.0
2431,b2c_returning,300,3,0,5561.67,0.2963,email,0.0
2432,b2c_returning,174,4,1,1083.03,0.3812,none,0.0
2433,b2c_returning,446,5,0,1354.29,0.4554,email,0.0
2434,b2c_new,472,13,8,13438.98,0.3703,email,0.0
2435,b2c_returning,322,9,2,1222.43,0.2706,whatsapp,0.0
2436,b2b,48,2,1,22722.69,0.2106,sms,0.0
2437,b2c_returning,84,0,0,1311.93,0.3216,email,0.0
2438,b2c_returning,140,1,2,2509.59,0.045,whatsapp,0.0
2439,b2c_new,363,10,2,981.53,0.3777,sms,0.0
2440,b2c_returning,176,2,1,1001.3,0.1219,none,0.0
2441,b2b,500,11,4,32690.78,0.1354,whatsapp,0.0
2442,b2c_new,587,16,4,1228.92,0.1808,whatsapp,0.0
2443,b2c_new,529,9,2,1454.85,0.2532,email,0.0
2444,b2c_returning,532,8,7,2600.97,0.066,email,0.0
2445,b2c_new,70,0,0,6760.19,0.5265,whatsapp,0.0
2446,b2c_returning,277,10,2,1190.57,0.0895,email,0.0
2447,b2c_new,104,3,2,901.1,0.3036,email,0.0
2448,b2c_new,40,1,0,1812.02,0.1705,whatsapp,0.0
2449,b2c_returning,138,3,0,991.88,0.203,whatsapp,0.0
2450,b2c_returning,593,11,4,573.04,0.1492,sms,0.0
2451,b2c_returning,272,4,1,3791.54,0.1672,whatsapp,0.0
2452,b2c_returning,1106,35,12,1904.35,0.0547,none,0.0
2453,b2c_returning,211,4,1,2039.56,0.084,email,0.0
2454,b2c_returning,1629,44,12,467.09,0.0733,email,0.0
2455,b2c_returning,211,6,1,1195.37,0.1437,email,0.0
2456,b2c_returning,183,3,1,668.09,0.3443,sms,0.0
2457,b2c_returning,56,0,0,1774.39,0.2325,whatsapp,0.0
2458,b2c_new,489,11,1,1977.46,0.2644,sms,0.0
2459,b2c_new,114,3,0,1976.46,0.3507,whatsapp,0.0
2460,b2c_returning,100,1,1,1128.54,0.0429,whatsapp,0.0
2461,b2c_returning,570,11,6,990.75,0.1977,sms,0.0
2462,b2c_returning,510,8,3,1572.29,0.1128,email,0.0
2463,b2c_new,498,13,3,2311.03,0.1138,email,0.0
2464,b2c_returning,129,2,1,1200.02,0.0745,email,0.0
2465,b2c_new,171,6,1,933.89,0.176,email,0.0
2466,b2c_returning,170,3,1,962.22,0.1681,email,0.0
2467,b2c_returning,364,11,6,1135.29,0.3049,email,0.0
2468,b2c_returning,728,17,3,1311.19,0.1933,whatsapp,0.0
2469,b2c_returning,250,5,2,834.49,0.1567,sms,0.0
2470,b2c_new,1064,28,13,1317.75,0.1554,email,0.0
2471,b2c_new,403,3,1,4276.27,0.211,email,0.0
2472,b2c_returning,145,1,0,1464.67,0.1256,email,0.0
2473,b2c_returning,379,5,5,756.23,0.2799,whatsapp,0.0
2474,b2c_returning,835,19,8,370.4,0.2545,sms,0.0
2475,b2c_new,1087,22,10,6509.47,0.3873,whatsapp,0.0
2476,b2c_new,523,11,3,3996.07,0.0765,sms,0.0
2477,b2c_new,184,6,2,2196.82,0.0746,email,0.0
2478,b2c_new,148,3,0,4062.01,0.2755,whatsapp,0.0
2479,b2c_new,302,6,0,2604.14,0.0428,email,0.0
2480,b2b,812,25,8,29446.92,0.1133,sms,0.0
2481,b2c_returning,265,7,2,755.52,0.3011,whatsapp,0.0
2482,b2c_new,270,4,0,6847.13,0.1776,whatsapp,0.0
2483,b2c_new,188,5,0,1325.59,0.0178,sms,0.0
2484,b2c_new,134,0,0,1377.28,0.1291,whatsapp,0.0
2485,b2c_returning,155,4,1,1847.82,0.1794,sms,0.0
2486,b2c_new,203,3,0,1870.16,0.1821,whatsapp,0.0
2487,b2c_returning,844,21,7,2691.45,0.2172,email,0.0
2488,b2c_returning,145,7,2,2483.08,0.3041,sms,0.0
2489,b2c_new,188,5,1,1201.99,0.1408,email,0.0
2490,b2c_returning,82,2,0,1832.91,0.1811,whatsapp,0.0
2491,b2b,343,5,1,26778.7,0.072,sms,0.0
2492,b2c_new,615,12,6,1132.46,0.1577,whatsapp,0.0
2493,b2c_new,776,25,11,4955.24,0.2847,whatsapp,0.0
2494,b2b,216,8,1,25142.12,0.2352,sms,0.0
2495,b2c_returning,301,6,2,5510.85,0.0834,whatsapp,0.0
2496,b2c_returning,156,6,5,679.29,0.1914,whatsapp,0.0
2497,b2c_returning,289,9,6,2846.32,0.1652,whatsapp,0.0
2498,b2c_new,238,4,1,965.15,0.3576,email,0.0
2499,b2c_returning,189,1,0,1154.49,0.1594,sms,0.0
2500,b2c_new,203,6,1,3391.2,0.3617,none,0.0
2501,b2c_new,270,8,1,1533.96,0.1288,email,0.0
2502,b2c_returning,138,5,0,11089.24,0.2403,whatsapp,0.0
2503,b2b,144,6,3,85650.94,0.247,email,0.0
2504,b2c_returning,836,26,2,1105.99,0.0364,whatsapp,0.0
2505,b2c_new,2064,41,7,2589.97,0.1931,whatsapp,0.0
2506,b2c_new,60,0,0,1524.62,0.1764,none,0.0
2507,b2b,57,1,0,34338.93,0.2133,whatsapp,0.0
2508,b2b,76,0,0,17531.55,0.2234,sms,0.0
2509,b2c_returning,164,4,1,2392.79,0.0726,sms,0.0
2510,b2c_returning,403,11,5,2068.22,0.0984,whatsapp,0.0
2511,b2c_new,306,10,7,1901.58,0.3013,whatsapp,0.0
2512,b2c_new,210,5,1,3732.38,0.0657,email,0.0
2513,b2c_new,289,11,3,509.42,0.4785,email,0.0
2514,b2c_new,96,1,0,1927.15,0.2047,whatsapp,0.0
2515,b2c_new,144,4,1,1101.82,0.3162,email,0.0
2516,b2c_returning,176,3,0,700.28,0.2235,whatsapp,0.0
2517,b2c_new,43,0,0,1001.32,0.3004,whatsapp,0.0
2518,b2c_new,63,0,0,1166.44,0.1644,sms,0.0
2519,b2c_returning,65,0,0,1526.61,0.168,email,0.0
2520,b2c_new,358,5,1,2279.41,0.0824,whatsapp,0.0
2521,b2c_new,224,3,0,2631.07,0.3925,sms,0.0
2522,b2c_returning,311,5,1,1351.8,0.0824,whatsapp,0.0
2523,b2c_new,34,4,0,5457.68,0.1044,email,0.0
2524,b2c_returning,47,1,1,1387.99,0.318,email,0.0
2525,b2b,326,5,1,23643.5,0.3693,email,0.0
2526,b2c_new,14,1,0,1414.21,0.0694,sms,0.0
2527,b2b,541,16,7,37610.58,0.0843,whatsapp,0.0
2528,b2b,34,1,2,16896.43,0.2181,whatsapp,0.0
2529,b2c_returning,384,8,3,4190.93,0.0592,email,0.0
2530,b2c_returning,80,6,1,1679.39,0.3382,email,0.0
2531,b2c_returning,462,8,2,803.41,0.0353,whatsapp,0.0
2532,b2c_returning,3230,38,7,919.15,0.3371,email,0.0
2533,b2c_returning,23,1,0,3067.9,0.2753,email,0.0
2534,b2c_new,336,9,4,3341.87,0.1494,whatsapp,0.0
2535,b2b,35,1,0,18980.44,0.2522,email,0.0
2536,b2c_returning,264,5,1,697.04,0.1078,sms,0.0
2537,b2c_returning,149,6,2,1972.7,0.066,sms,0.0
2538,b2c_new,202,3,1,2243.13,0.2844,email,0.0
2539,b2c_new,79,4,0,2673.73,0.149,email,0.0
2540,b2c_returning,363,6,1,1213.61,0.1944,sms,0.0
2541,b2c_returning,48,0,0,1652.55,0.0758,email,0.0
2542,b2c_new,550,10,2,1825.56,0.2128,none,0.0
2543,b2c_new,124,3,3,3541.52,0.2864,email,0.0
2544,b2c_new,50,1,0,4564.46,0.1876,whatsapp,0.0
2545,b2c_returning,756,16,5,5519.4,0.052,email,0.0
2546,b2c_new,169,3,2,4479.55,0.1116,email,0.0
2547,b2b,1002,21,7,18770.5,0.1941,sms,0.0
2548,b2c_new,540,15,4,3658.3,0.1823,whatsapp,0.0
2549,b2c_new,87,1,0,1191.53,0.1867,email,0.0
2550,b2c_new,166,4,2,5265.85,0.1466,email,0.0
2551,b2c_returning,200,6,3,686.8,0.1055,whatsapp,0.0
2552,b2c_new,710,18,6,9420.72,0.2062,sms,0.0
2553,b2c_returning,266,8,4,909.48,0.2479,whatsapp,0.0
2554,b2b,210,3,1,49718.93,0.0438,email,0.0
2555,b2c_new,150,1,0,4946.92,0.0998,whatsapp,0.0
2556,b2c_returning,171,6,3,2482.56,0.1196,whatsapp,0.0
2557,b2c_new,582,11,2,428.5,0.1983,email,0.0
2558,b2c_new,180,2,1,927.03,0.3035,email,0.0
2559,b2c_new,126,2,1,2310.71,0.1738,whatsapp,0.0
2560,b2c_new,108,1,0,2808.7,0.0102,email,0.0
2561,b2c_returning,109,2,0,1588.25,0.0736,email,0.0
2562,b2c_returning,50,1,0,1896.14,0.5815,email,0.0
2563,b2c_returning,91,2,0,643.75,0.1629,sms,0.0
2564,b2c_returning,693,21,5,6232.85,0.156,sms,0.0
2565,b2c_returning,149,4,3,1381.59,0.156,sms,0.0
2566,b2c_new,339,4,1,3126.51,0.1087,whatsapp,0.0
2567,b2c_new,19,0,0,4807.99,0.0271,email,0.0
2568,b2c_new,300,5,3,801.92,0.0778,whatsapp,0.0
2569,b2c_returning,155,1,0,1968.75,0.3227,none,0.0
2570,b2b,116,6,0,14550.83,0.3473,email,0.0
2571,b2c_new,211,5,4,1502.53,0.115,whatsapp,0.0
2572,b2c_returning,115,0,0,3445.04,0.1175,email,0.0
2573,b2c_returning,26,0,0,1128.3,0.1561,sms,0.0
2574,b2c_returning,412,10,4,1870.62,0.0822,email,0.0
2575,b2c_returning,224,6,1,1388.41,0.3197,email,0.0
2576,b2c_returning,135,4,0,9167.52,0.4433,email,0.0
2577,b2c_returning,75,2,0,1131.82,0.2172,email,0.0
2578,b2c_returning,47,2,0,3032.08,0.2625,email,0.0
2579,b2c_new,220,4,1,6330.85,0.3075,none,0.0
2580,b2b,768,17,9,27550.55,0.0542,whatsapp,0.0
2581,b2c_new,216,4,3,1924.22,0.3153,whatsapp,0.0
2582,b2c_returning,51,0,0,902.4,0.121,email,0.0
2583,b2c_new,220,6,0,439.88,0.3003,none,0.0
2584,b2c_new,171,7,2,1039.02,0.0814,none,0.0
2585,b2c_new,391,8,2,1207.48,0.3184,whatsapp,0.0
2586,b2c_new,310,2,1,1258.77,0.0476,whatsapp,0.0
2587,b2c_new,12,0,0,1459.42,0.1464,email,0.0
2588,b2c_new,294,3,0,1807.74,0.2462,whatsapp,0.0
2589,b2c_new,72,0,0,778.82,0.1336,sms,0.0
2590,b2c_new,50,1,0,2302.33,0.0361,whatsapp,0.0
2591,b2c_returning,151,4,1,4208.55,0.3601,email,0.0
2592,b2c_returning,260,5,0,4568.74,0.0952,email,0.0
2593,b2c_returning,41,2,1,1500.3,0.2178,none,0.0
2594,b2c_new,339,12,2,3365.27,0.2485,whatsapp,0.0
2595,b2c_new,357,7,3,1117.49,0.2348,whatsapp,0.0
2596,b2b,187,3,2,95975.86,0.2269,email,0.0
2597,b2c_new,82,2,1,2379.18,0.1411,sms,0.0
2598,b2c_new,74,1,1,1424.03,0.0935,email,0.0
2599,b2b,453,7,0,36852.03,0.3602,whatsapp,0.0
2600,b2b,46,3,1,56638.14,0.0994,sms,0.0
2601,b2c_new,469,15,3,1007.79,0.1434,sms,0.0
2602,b2c_returning,155,4,0,1250.82,0.1193,email,0.0
2603,b2c_new,165,4,1,3775.54,0.133,sms,0.0
2604,b2c_returning,38,0,0,2621.57,0.145,sms,0.0
2605,b2c_new,157,4,2,2036.16,0.129,whatsapp,0.0
2606,b2c_new,312,9,0,643.57,0.0412,whatsapp,0.0
2607,b2c_returning,54,1,1,797.3,0.2633,sms,0.0
2608,b2c_new,281,4,0,2377.18,0.1368,sms,0.0
2609,b2c_returning,195,6,0,2797.73,0.1601,none,0.0
2610,b2c_new,100,0,0,2148.78,0.0597,sms,0.0
2611,b2c_returning,388,6,3,1291.97,0.0813,whatsapp,0.0
2612,b2c_returning,24,0,0,1262.59,0.1496,email,0.0
2613,b2c_new,245,2,1,2093.57,0.0241,sms,0.0
2614,b2c_returning,773,22,4,749.42,0.3223,email,0.0
2615,b2c_new,657,8,2,1919.32,0.3214,email,0.0
2616,b2c_new,255,8,3,680.89,0.2192,email,0.0
2617,b2c_new,137,3,1,861.52,0.3149,sms,0.0
2618,b2c_returning,101,5,0,2039.16,0.0866,email,0.0
2619,b2c_returning,137,1,0,2707.56,0.094,whatsapp,0.0
2620,b2b,293,7,1,52020.8,0.0507,sms,0.0
2621,b2c_returning,87,1,0,824.99,0.0525,email,0.0
2622,b2b,355,8,2,69398.42,0.1643,sms,0.0
2623,b2c_new,1227,30,13,1789.55,0.1157,email,0.0
2624,b2b,170,5,2,43361.48,0.1168,email,0.0
2625,b2c_returning,53,2,0,3486.45,0.192,email,0.0
2626,b2c_new,53,0,0,844.38,0.046,whatsapp,0.0
2627,b2c_returning,362,9,2,8599.63,0.26,sms,0.0
2628,b2c_new,170,2,0,917.95,0.1108,email,0.0
2629,b2c_new,396,14,5,2488.93,0.0881,sms,0.0
2630,b2c_new,111,4,1,1074.83,0.1099,email,0.0
2631,b2c_new,380,3,1,1600.1,0.2427,whatsapp,0.0
2632,b2c_new,156,4,0,2047.39,0.3713,none,0.0
2633,b2c_returning,93,3,0,3287.05,0.1754,email,0.0
2634,b2c_returning,125,3,1,3674.61,0.1822,email,0.0
2635,b2c_returning,61,0,0,2994.9,0.0286,whatsapp,0.0
2636,b2c_new,1078,27,11,3721.51,0.3785,whatsapp,0.0
2637,b2c_new,165,3,1,1169.42,0.2445,whatsapp,0.0
2638,b2c_new,321,5,1,2834.72,0.2075,whatsapp,0.0
2639,b2c_returning,111,1,0,1417.88,0.1027,email,0.0
2640,b2c_new,69,2,0,3589.98,0.0703,whatsapp,0.0
2641,b2c_returning,145,2,2,1951.68,0.1536,email,0.0
2642,b2c_returning,484,11,1,2778.66,0.0881,email,0.0
2643,b2c_returning,112,0,0,2207.41,0.1403,none,0.0
2644,b2c_returning,82,2,1,3065.01,0.2173,whatsapp,0.0
2645,b2c_new,207,4,1,1022.68,0.0234,email,0.0
2646,b2c_returning,282,4,3,598.96,0.1706,email,0.0
2647,b2c_returning,789,20,9,3596.87,0.0701,email,0.0
2648,b2c_returning,247,7,2,4614.87,0.1872,whatsapp,0.0
2649,b2c_returning,321,11,3,1659.74,0.0628,whatsapp,0.0
2650,b2c_returning,343,11,0,3175.79,0.4587,whatsapp,0.0
2651,b2b,63,0,0,181195.47,0.0061,whatsapp,0.0
2652,b2c_new,75,3,0,1164.99,0.2891,whatsapp,0.0
2653,b2c_returning,67,4,0,1906.28,0.2039,email,0.0
2654,b2c_returning,54,1,0,534.25,0.1652,sms,0.0
2655,b2c_new,368,7,1,617.02,0.1742,email,0.0
2656,b2b,233,13,4,47411.8,0.3142,email,0.0
2657,b2c_new,193,6,3,1177.99,0.2468,email,0.0
2658,b2c_returning,17,0,0,1412.15,0.0318,whatsapp,0.0
2659,b2c_new,1144,30,10,1354.42,0.1026,email,0.0
2660,b2c_new,80,4,0,732.92,0.3332,sms,0.0
2661,b2c_returning,1140,26,13,1545.77,0.1979,whatsapp,0.0
2662,b2c_new,48,3,1,1782.82,0.0954,whatsapp,0.0
2663,b2c_new,86,1,0,1197.08,0.212,email,0.0
2664,b2c_new,24,0,0,1267.13,0.1827,sms,0.0
2665,b2c_new,249,4,0,1560.5,0.0352,whatsapp,0.0
2666,b2c_returning,66,1,0,3195.1,0.1848,sms,0.0
2667,b2c_returning,68,5,6,1684.83,0.0781,email,0.0
2668,b2c_new,52,1,0,467.37,0.3448,whatsapp,0.0
2669,b2c_returning,362,8,4,780.43,0.3778,sms,0.0
2670,b2c_new,341,7,2,3455.81,0.0951,sms,0.0
2671,b2c_returning,919,16,7,1113.9,0.1472,email,0.0
2672,b2c_new,97,3,4,1691.89,0.3052,none,0.0
2673,b2c_new,219,4,1,6925.5,0.1976,none,0.0
2674,b2c_new,56,0,0,2801.23,0.3244,email,0.0
2675,b2c_returning,133,2,0,400.1,0.4398,email,0.0
2676,b2c_returning,112,1,0,4949.18,0.2487,email,0.0
2677,b2c_new,273,4,1,1998.78,0.0913,whatsapp,0.0
2678,b2c_returning,449,9,2,2331.0,0.0881,email,0.0
2679,b2c_returning,439,8,4,2227.11,0.0883,whatsapp,0.0
2680,b2c_new,84,6,1,3411.45,0.0505,none,0.0
2681,b2c_returning,442,10,1,1702.28,0.3589,email,0.0
2682,b2c_returning,172,3,0,638.07,0.1991,email,0.0
2683,b2c_new,134,3,2,2257.49,0.4273,email,0.0
2684,b2c_returning,95,1,1,684.21,0.2062,email,0.0
2685,b2c_new,108,4,1,6419.87,0.1031,whatsapp,0.0
2686,b2c_returning,863,18,4,1396.95,0.1061,email,0.0
2687,b2c_new,237,10,4,1735.97,0.0143,whatsapp,0.0
2688,b2c_returning,210,4,1,1121.39,0.2842,sms,0.0
2689,b2c_new,142,0,0,2282.35,0.3022,email,0.0
2690,b2c_returning,1626,40,15,2474.02,0.3308,email,0.0
2691,b2b,582,10,6,63549.19,0.2244,whatsapp,0.0
2692,b2c_new,94,5,0,2471.76,0.1285,whatsapp,0.0
2693,b2c_returning,140,2,1,1887.39,0.2478,email,0.0
2694,b2b,148,8,2,54246.86,0.2501,whatsapp,0.0
2695,b2c_returning,205,4,2,1063.65,0.0704,sms,0.0
2696,b2c_new,95,3,2,9096.22,0.1494,email,0.0
2697,b2c_returning,267,6,2,4119.54,0.2475,email,0.0
2698,b2c_new,665,14,3,2997.09,0.4533,email,0.0
2699,b2c_new,55,1,0,3960.32,0.1889,whatsapp,0.0
2700,b2c_returning,65,1,0,2220.48,0.1732,sms,0.0
2701,b2c_returning,116,6,5,1409.53,0.3026,whatsapp,0.0
2702,b2c_returning,121,4,1,282.99,0.4376,none,0.0
2703,b2c_new,1087,29,11,766.82,0.3175,sms,0.0
2704,b2c_returning,443,13,0,8193.2,0.2364,whatsapp,0.0
2705,b2c_returning,421,12,0,4054.91,0.3852,none,0.0
2706,b2c_new,141,1,0,2073.86,0.3427,email,0.0
2707,b2c_returning,139,2,2,596.61,0.0943,email,0.0
2708,b2c_new,48,0,0,2807.04,0.1178,sms,0.0
2709,b2c_new,363,8,4,1481.65,0.2176,sms,0.0
2710,b2c_returning,280,8,2,2933.97,0.0717,none,0.0
2711,b2b,572,6,2,68107.61,0.2739,sms,0.0
2712,b2c_new,148,5,2,1277.39,0.2877,sms,0.0
2713,b2c_new,158,2,0,3344.66,0.2365,sms,0.0
2714,b2c_new,209,5,2,6939.68,0.2558,sms,0.0
2715,b2c_returning,401,12,3,1135.28,0.317,whatsapp,0.0
2716,b2c_new,47,0,0,894.1,0.1868,whatsapp,0.0
2717,b2c_returning,349,7,0,3683.29,0.2861,whatsapp,0.0
2718,b2b,176,7,3,130600.35,0.0942,email,0.0
2719,b2c_new,69,1,0,783.62,0.2725,whatsapp,0.0
2720,b2c_returning,27,0,0,2168.3,0.218,none,0.0
2721,b2c_returning,159,3,0,7750.57,0.3402,none,0.0
2722,b2c_returning,662,14,5,993.66,0.1656,none,0.0
2723,b2c_new,812,30,4,1389.52,0.1146,whatsapp,0.0
2724,b2c_new,247,8,0,1945.85,0.0567,whatsapp,0.0
2725,b2c_new,1052,24,9,1292.9,0.1985,email,0.0
2726,b2c_returning,173,4,3,522.57,0.2805,email,0.0
2727,b2c_returning,424,10,1,3155.53,0.3251,whatsapp,0.0
2728,b2c_new,119,1,1,2050.77,0.0659,sms,0.0
2729,b2c_new,113,2,0,2327.03,0.2234,whatsapp,0.0
2730,b2c_returning,97,1,0,1630.02,0.4523,whatsapp,0.0
2731,b2c_new,28,2,0,5191.43,0.1537,whatsapp,0.0
2732,b2c_new,573,7,3,1264.41,0.2555,sms,0.0
2733,b2c_returning,101,6,1,846.92,0.2271,whatsapp,0.0
2734,b2c_new,87,2,0,5768.32,0.2051,email,0.0
2735,b2c_new,62,2,2,386.26,0.0163,whatsapp,0.0
2736,b2c_new,149,2,1,1616.28,0.3931,email,0.0
2737,b2c_new,880,15,2,1707.33,0.1467,whatsapp,0.0
2738,b2c_returning,1184,23,8,1661.3,0.0995,whatsapp,0.0
2739,b2c_returning,40,0,1,607.71,0.1475,none,0.0
2740,b2c_returning,130,2,2,785.26,0.0974,email,0.0
2741,b2c_new,70,0,0,3519.71,0.261,whatsapp,0.0
2742,b2c_returning,438,13,4,4747.06,0.1956,email,0.0
2743,b2c_new,232,5,3,1344.03,0.3534,email,0.0
2744,b2c_returning,101,3,0,938.31,0.345,email,0.0
2745,b2c_new,192,5,2,516.04,0.1454,whatsapp,0.0
2746,b2c_returning,117,2,0,3477.05,0.1126,none,0.0
2747,b2c_new,769,15,2,3623.86,0.1695,whatsapp,0.0
2748,b2c_new,294,10,2,251.64,0.1675,email,0.0
2749,b2c_new,328,3,0,329.9,0.0367,sms,0.0
2750,b2c_new,16,0,0,1980.92,0.0323,email,0.0
2751,b2c_new,169,3,2,2168.67,0.1638,email,0.0
2752,b2c_returning,1173,25,9,1288.73,0.0884,whatsapp,0.0
2753,b2c_returning,593,13,4,1758.96,0.0858,email,0.0
2754,b2c_new,34,1,2,1513.95,0.4094,whatsapp,0.0
2755,b2c_returning,135,1,3,1833.61,0.0646,sms,0.0
2756,b2c_returning,61,2,0,958.06,0.1477,email,0.0
2757,b2c_returning,839,18,3,1784.63,0.0654,email,0.0
2758,b2c_returning,224,4,1,1122.69,0.3914,email,0.0
2759,b2c_returning,90,0,0,1059.07,0.3123,whatsapp,0.0
2760,b2c_returning,185,4,0,487.22,0.1646,whatsapp,0.0
2761,b2c_returning,17,0,0,1591.87,0.3044,whatsapp,0.0
2762,b2b,67,2,0,23666.18,0.079,email,0.0
2763,b2c_new,186,4,1,1433.15,0.0717,email,0.0
2764,b2c_new,385,8,4,1405.44,0.2699,sms,0.0
2765,b2c_new,31,1,0,4335.3,0.0951,whatsapp,0.0
2766,b2b,127,1,1,9824.68,0.0036,whatsapp,0.0
2767,b2c_new,446,8,2,6061.73,0.0702,none,0.0
2768,b2c_returning,48,1,0,8738.57,0.0668,email,0.0
2769,b2c_returning,221,2,0,1876.54,0.3445,whatsapp,0.0
2770,b2b,191,3,1,103015.85,0.316,whatsapp,0.0
2771,b2c_new,842,30,7,1249.81,0.1996,email,0.0
2772,b2c_returning,146,4,0,2688.24,0.112,email,0.0
2773,b2c_returning,154,3,0,4932.57,0.0975,sms,0.0
2774,b2c_new,388,13,7,863.8,0.099,email,0.0
2775,b2c_returning,54,0,0,2152.18,0.1011,email,0.0
2776,b2c_new,147,3,2,1033.33,0.0882,whatsapp,0.0
2777,b2c_returning,119,2,2,1624.38,0.6463,email,0.0
2778,b2c_returning,158,5,1,1607.46,0.1588,whatsapp,0.0
2779,b2c_new,386,12,7,2350.47,0.1408,sms,0.0
2780,b2c_new,296,4,0,7466.41,0.1586,email,0.0
2781,b2c_new,91,1,0,2510.16,0.0982,whatsapp,0.0
2782,b2c_new,203,2,0,1332.3,0.2681,sms,0.0
2783,b2c_returning,688,20,7,1186.94,0.1065,email,0.0
2784,b2c_new,85,1,0,1574.91,0.1122,whatsapp,0.0
2785,b2c_new,205,3,1,977.85,0.2101,email,0.0
2786,b2c_returning,151,3,1,1984.85,0.0395,email,0.0
2787,b2c_returning,170,3,1,332.85,0.2641,sms,0.0
2788,b2c_returning,41,1,0,1552.63,0.3842,sms,0.0
2789,b2b,640,15,5,25236.31,0.2612,whatsapp,0.0
2790,b2c_new,89,3,0,798.78,0.1262,sms,0.0
2791,b2c_returning,453,6,0,1377.52,0.1894,sms,0.0
2792,b2c_new,102,1,1,3942.15,0.1157,whatsapp,0.0
2793,b2c_returning,102,3,0,4146.32,0.0757,none,0.0
2794,b2b,536,14,3,38495.35,0.5225,email,0.0
2795,b2c_returning,440,11,4,2596.66,0.4688,whatsapp,0.0
2796,b2c_returning,217,10,6,630.55,0.2891,email,0.0
2797,b2c_returning,357,15,6,1462.98,0.2613,email,0.0
2798,b2c_new,138,4,1,2115.63,0.3527,whatsapp,0.0
2799,b2c_returning,178,5,0,5241.65,0.0667,sms,0.0
2800,b2c_returning,99,3,0,4148.51,0.1666,email,0.0
2801,b2b,406,10,7,78933.17,0.1323,sms,0.0
2802,b2c_new,96,1,1,950.96,0.3567,sms,0.0
2803,b2c_new,685,15,4,4658.75,0.1471,none,0.0
2804,b2c_returning,135,1,1,1418.48,0.1073,none,0.0
2805,b2c_new,183,3,1,2463.86,0.1175,email,0.0
2806,b2c_new,356,9,8,1652.05,0.4404,whatsapp,0.0
2807,b2c_new,183,6,1,7259.83,0.1045,sms,0.0
2808,b2c_returning,137,2,0,1174.4,0.0819,sms,0.0
2809,b2c_new,175,3,2,3418.37,0.0469,email,0.0
2810,b2c_new,402,5,2,1694.36,0.2904,whatsapp,0.0
2811,b2c_new,99,3,1,2680.92,0.0374,whatsapp,0.0
2812,b2c_returning,160,7,3,5594.56,0.2109,none,0.0
2813,b2c_returning,181,4,2,442.46,0.3059,whatsapp,0.0
2814,b2c_new,391,7,2,1719.47,0.1376,sms,0.0
2815,b2c_new,164,2,0,962.66,0.1131,whatsapp,0.0
2816,b2c_returning,916,27,9,2459.11,0.0827,email,0.0
2817,b2c_new,156,5,1,2920.39,0.1784,whatsapp,0.0
2818,b2c_returning,145,1,2,1294.92,0.218,email,0.0
2819,b2c_new,154,5,1,1249.01,0.2179,email,0.0
2820,b2b,55,2,1,51282.63,0.156,whatsapp,0.0
2821,b2c_new,70,1,0,738.26,0.0067,email,0.0
2822,b2c_returning,111,5,1,2272.86,0.2103,whatsapp,0.0
2823,b2c_new,500,13,5,1015.51,0.3776,email,0.0
2824,b2b,174,4,1,15433.58,0.0262,whatsapp,0.0
2825,b2b,116,4,0,26257.27,0.2503,whatsapp,0.0
2826,b2c_returning,542,13,4,1210.09,0.0941,email,0.0
2827,b2c_new,727,17,3,1063.95,0.2911,whatsapp,0.0
2828,b2c_new,557,14,5,1460.93,0.0687,email,0.0
2829,b2c_returning,83,5,3,4717.24,0.0558,whatsapp,0.0
2830,b2c_returning,115,2,0,3254.26,0.3653,none,0.0
2831,b2c_new,920,17,4,1286.61,0.4599,whatsapp,0.0
2832,b2c_new,223,5,1,1285.82,0.1717,none,0.0
2833,b2c_new,141,3,1,3345.13,0.3348,whatsapp,0.0
2834,b2c_returning,343,8,2,796.93,0.2154,none,0.0
2835,b2c_returning,445,10,2,1828.42,0.3354,whatsapp,0.0
2836,b2c_returning,107,2,1,1177.92,0.2303,whatsapp,0.0
2837,b2c_returning,219,3,0,1596.17,0.1515,none,0.0
2838,b2c_new,414,8,5,3171.37,0.0412,sms,0.0
2839,b2c_new,63,2,0,1126.72,0.1377,sms,0.0
2840,b2c_new,182,6,2,3559.75,0.1025,whatsapp,0.0
2841,b2c_returning,66,0,0,8393.83,0.4509,whatsapp,0.0
2842,b2c_new,74,0,0,2747.23,0.298,email,0.0
2843,b2c_new,108,0,1,1697.11,0.2622,email,0.0
2844,b2c_new,276,5,0,4046.21,0.274,whatsapp,0.0
2845,b2c_new,134,3,2,828.28,0.504,email,0.0
2846,b2c_returning,100,2,3,5220.21,0.075,sms,0.0
2847,b2c_new,188,2,0,1062.52,0.1264,email,0.0
2848,b2c_new,64,3,2,8210.82,0.1306,email,0.0
2849,b2c_returning,264,9,4,1089.59,0.045,whatsapp,0.0
2850,b2c_new,498,7,1,2860.45,0.1083,email,0.0
2851,b2c_new,167,3,1,604.16,0.124,whatsapp,0.0
2852,b2c_new,149,2,2,1550.4,0.1416,sms,0.0
2853,b2c_returning,251,6,1,845.35,0.0052,none,0.0
2854,b2c_new,29,1,0,656.21,0.253,whatsapp,0.0
2855,b2c_returning,291,5,0,4185.6,0.1471,sms,0.0
2856,b2b,2935,38,12,45520.23,0.1918,email,0.0
2857,b2c_returning,161,7,2,1075.98,0.2183,whatsapp,0.0
2858,b2c_new,161,1,0,991.7,0.0143,whatsapp,0.0
2859,b2c_returning,351,6,4,3997.03,0.2903,email,0.0
2860,b2c_new,791,9,0,3669.43,0.2172,none,0.0
2861,b2c_new,432,5,2,4379.76,0.1284,sms,0.0
2862,b2c_returning,25,1,0,1037.97,0.1961,email,0.0
2863,b2c_new,298,9,1,4629.77,0.157,email,0.0
2864,b2c_new,1822,45,16,1031.79,0.237,whatsapp,0.0
2865,b2c_new,315,7,3,1061.31,0.075,sms,0.0
2866,b2c_new,63,0,0,1103.71,0.2607,whatsapp,0.0
2867,b2c_new,231,10,3,1132.21,0.2153,sms,0.0
2868,b2c_returning,56,1,0,1689.17,0.3552,email,0.0
2869,b2b,545,17,4,64329.58,0.2489,email,0.0
2870,b2c_new,76,1,0,2116.52,0.0484,whatsapp,0.0
2871,b2c_returning,192,7,4,289.73,0.4829,email,0.0
2872,b2c_new,83,2,0,2111.69,0.0178,none,0.0
2873,b2c_new,110,3,0,839.47,0.1015,email,0.0
2874,b2c_new,685,17,3,1126.6,0.4873,none,0.0
2875,b2c_new,197,6,2,1145.8,0.3241,email,0.0
2876,b2c_new,108,7,2,3483.39,0.2035,sms,0.0
2877,b2c_new,64,3,0,2562.56,0.0625,email,0.0
2878,b2c_new,33,3,2,1603.05,0.3259,email,0.0
2879,b2c_returning,58,1,0,1091.03,0.1511,whatsapp,0.0
2880,b2c_new,199,8,2,3113.67,0.3201,email,0.0
2881,b2c_new,434,7,2,6322.3,0.2811,whatsapp,0.0
2882,b2c_new,108,0,0,1765.07,0.2388,whatsapp,0.0
2883,b2c_returning,739,15,4,588.0,0.5259,whatsapp,0.0
2884,b2c_new,94,2,0,1100.49,0.2266,sms,0.0
2885,b2c_returning,145,0,0,2662.43,0.1961,none,0.0
2886,b2c_new,68,0,0,1320.34,0.1923,whatsapp,0.0
2887,b2c_new,439,11,2,986.79,0.4117,none,0.0
2888,b2b,1188,17,6,57185.2,0.2706,email,0.0
2889,b2c_new,36,2,0,1919.3,0.2059,email,0.0
2890,b2c_new,131,2,0,615.15,0.2234,whatsapp,0.0
2891,b2c_new,561,10,0,1756.86,0.1557,whatsapp,0.0
2892,b2b,48,0,0,28918.05,0.2517,sms,0.0
2893,b2c_returning,299,4,0,1314.06,0.2039,sms,0.0
2894,b2c_returning,540,13,5,867.43,0.1822,sms,0.0
2895,b2b,193,7,0,28069.57,0.2502,whatsapp,0.0
2896,b2c_new,295,5,1,708.11,0.5512,sms,0.0
2897,b2b,878,22,6,84182.84,0.193,sms,0.0
2898,b2c_new,1039,18,6,2995.81,0.0817,email,0.0
2899,b2c_returning,170,2,0,2012.57,0.0489,sms,0.0
2900,b2c_new,111,2,0,4261.47,0.2393,email,0.0
2901,b2c_new,78,4,2,813.03,0.3657,email,0.0
2902,b2b,433,11,6,38718.53,0.1637,whatsapp,0.0
2903,b2c_new,52,0,0,1303.33,0.2072,none,0.0
2904,b2b,143,2,0,31122.51,0.1496,email,0.0
2905,b2c_new,197,4,0,2568.31,0.1581,none,0.0
2906,b2c_returning,114,3,3,2927.94,0.243,whatsapp,0.0
2907,b2b,231,7,3,57739.92,0.3288,none,0.0
2908,b2c_new,1809,37,11,1902.1,0.268,sms,0.0
2909,b2b,161,1,1,117235.35,0.2859,whatsapp,0.0
2910,b2c_returning,121,2,2,486.06,0.2881,sms,0.0
2911,b2c_returning,448,7,5,2185.12,0.2088,none,0.0
2912,b2c_new,223,4,1,2429.14,0.3575,email,0.0
2913,b2c_returning,657,11,6,3672.38,0.1526,email,0.0
2914,b2c_returning,208,8,3,801.56,0.229,whatsapp,0.0
2915,b2c_new,143,4,2,843.94,0.1704,email,0.0
2916,b2c_new,36,0,0,882.12,0.1484,none,0.0
2917,b2c_new,41,1,0,2594.54,0.0857,email,0.0
2918,b2c_returning,34,1,1,2620.58,0.1853,email,0.0
2919,b2c_new,253,5,1,925.82,0.3139,email,0.0
2920,b2c_returning,52,1,2,6874.23,0.2208,whatsapp,0.0
2921,b2b,557,13,2,21585.5,0.2196,whatsapp,0.0
2922,b2c_new,184,6,1,1963.5,0.1701,none,0.0
2923,b2c_new,144,0,0,1556.51,0.2196,whatsapp,0.0
2924,b2c_returning,84,0,0,3452.62,0.1814,whatsapp,0.0
2925,b2c_new,315,11,6,2364.18,0.033,whatsapp,0.0
2926,b2c_returning,87,5,3,6757.7,0.3162,sms,0.0
2927,b2c_returning,74,2,1,769.55,0.0382,whatsapp,0.0
2928,b2c_returning,524,17,5,610.11,0.1138,none,0.0
2929,b2c_new,247,4,1,1072.24,0.1057,none,0.0
2930,b2c_returning,145,4,1,2651.52,0.1312,email,0.0
2931,b2c_returning,320,7,2,1333.92,0.0978,sms,0.0
2932,b2c_new,181,7,4,4382.0,0.0585,whatsapp,0.0
2933,b2c_returning,254,6,1,1366.56,0.2323,whatsapp,0.0
2934,b2c_returning,86,1,1,3838.66,0.463,email,0.0
2935,b2c_returning,1160,23,8,1006.27,0.1646,none,0.0
2936,b2c_new,106,6,1,4120.29,0.2869,sms,0.0
2937,b2c_new,730,14,3,4693.57,0.061,email,0.0
2938,b2c_new,151,5,2,1212.2,0.3361,whatsapp,0.0
2939,b2c_new,372,10,4,2535.73,0.0617,whatsapp,0.0
2940,b2c_new,348,7,1,2171.0,0.2403,none,0.0
2941,b2b,505,15,5,71501.91,0.3208,email,0.0
2942,b2c_new,84,1,2,4423.33,0.1086,email,0.0
2943,b2c_returning,473,12,4,3557.42,0.1188,none,0.0
2944,b2c_new,948,27,14,2579.68,0.1213,sms,0.0
2945,b2c_new,142,5,1,2863.15,0.2258,email,0.0
2946,b2c_new,185,5,0,740.3,0.1495,whatsapp,0.0
2947,b2c_new,112,3,1,1749.17,0.0778,none,0.0
2948,b2c_returning,131,3,0,832.55,0.0183,none,0.0
2949,b2b,839,19,3,40945.85,0.0715,none,0.0
2950,b2c_returning,72,1,0,3933.59,0.1452,email,0.0
2951,b2c_new,77,0,0,1791.13,0.2171,whatsapp,0.0
2952,b2c_returning,767,15,8,311.57,0.1195,email,0.0
2953,b2c_new,315,7,2,865.05,0.1965,sms,0.0
2954,b2b,1213,27,7,42518.04,0.0247,email,0.0
2955,b2c_returning,120,2,0,1234.18,0.251,sms,0.0
2956,b2c_new,201,3,3,3115.77,0.0239,email,0.0
2957,b2c_new,99,5,1,773.17,0.1503,whatsapp,0.0
2958,b2c_new,204,5,0,2351.35,0.1267,none,0.0
2959,b2c_new,36,1,0,2435.49,0.2431,email,0.0
2960,b2b,333,4,1,41270.34,0.3068,email,0.0
2961,b2c_returning,240,3,0,1137.85,0.2102,email,0.0
2962,b2b,170,2,1,41899.08,0.1684,whatsapp,0.0
2963,b2c_new,126,2,0,5167.44,0.5681,whatsapp,0.0
2964,b2c_returning,80,0,0,366.74,0.2887,whatsapp,0.0
2965,b2c_new,346,12,2,1866.34,0.066,sms,0.0
2966,b2c_returning,62,3,1,508.31,0.0532,none,0.0
2967,b2c_new,285,6,1,985.75,0.1855,sms,0.0
2968,b2c_new,1164,23,6,1043.71,0.2986,whatsapp,0.0
2969,b2c_returning,685,20,13,1718.19,0.0967,sms,0.0
2970,b2c_new,46,0,0,2344.48,0.1769,whatsapp,0.0
2971,b2c_new,111,4,1,3391.51,0.3479,sms,0.0
2972,b2c_returning,263,7,1,2165.39,0.342,email,0.0
2973,b2c_new,168,3,1,2884.43,0.1922,whatsapp,0.0
2974,b2b,51,0,0,17478.11,0.1608,email,0.0
2975,b2c_returning,254,9,6,3771.41,0.6493,whatsapp,0.0
2976,b2c_returning,178,1,0,179.19,0.2476,whatsapp,0.0
2977,b2c_returning,1008,24,8,5240.78,0.0923,sms,0.0
2978,b2c_returning,143,3,0,4622.0,0.1588,email,0.0
2979,b2c_returning,514,13,3,3042.94,0.1211,whatsapp,0.0
2980,b2c_returning,57,1,2,8568.24,0.3948,email,0.0
2981,b2c_returning,71,2,0,509.21,0.1378,email,0.0
2982,b2c_new,344,7,3,3106.16,0.1157,email,0.0
2983,b2c_new,477,11,5,1978.54,0.2363,email,0.0
2984,b2c_returning,76,3,1,2135.38,0.1447,sms,0.0
2985,b2c_new,183,4,2,797.15,0.3714,whatsapp,0.0
2986,b2c_new,51,1,0,2372.99,0.2923,whatsapp,0.0
2987,b2c_new,152,4,0,2296.22,0.1278,sms,0.0
2988,b2c_returning,382,15,5,1110.79,0.066,email,0.0
2989,b2c_new,121,6,2,1715.49,0.1575,none,0.0
2990,b2c_returning,143,1,0,717.22,0.1168,whatsapp,0.0
2991,b2c_returning,65,2,0,1364.8,0.1006,email,0.0
2992,b2c_returning,100,2,0,3526.69,0.2052,whatsapp,0.0
2993,b2c_new,875,21,8,3576.38,0.1673,none,0.0
2994,b2c_returning,192,7,2,3082.92,0.0882,none,0.0
2995,b2c_returning,73,3,1,3525.63,0.1793,sms,0.0
2996,b2c_new,135,3,1,3558.05,0.0429,whatsapp,0.0
2997,b2c_returning,42,0,0,1147.18,0.2944,whatsapp,0.0
2998,b2c_new,72,0,0,2282.95,0.0901,whatsapp,0.0
2999,b2b,612,10,4,34797.1,0.2267,none,0.0
3000,b2c_new,158,3,2,685.29,0.1441,sms,0.0
3001,b2c_returning,986,24,6,682.54,0.2481,email,0.0
3002,b2c_returning,165,4,0,656.61,0.183,whatsapp,0.0
3003,b2c_new,174,4,1,515.77,0.3922,none,0.0
3004,b2c_returning,320,5,4,862.62,0.3516,whatsapp,0.0
3005,b2c_new,16,0,0,1246.03,0.0243,email,0.0
3006,b2c_returning,216,12,3,5188.27,0.0912,whatsapp,0.0
3007,b2c_returning,172,4,0,1325.19,0.0889,email,0.0
3008,b2c_new,685,17,5,622.71,0.1852,none,0.0
3009,b2c_new,428,8,1,2022.06,0.1911,whatsapp,0.0
3010,b2c_returning,64,3,0,1576.98,0.098,email,0.0
3011,b2c_new,550,22,4,1041.12,0.1911,email,0.0
3012,b2c_returning,142,3,1,1192.19,0.3373,email,0.0
3013,b2c_returning,79,3,1,3799.04,0.1459,email,0.0
3014,b2c_returning,214,7,0,670.9,0.1401,email,0.0
3015,b2c_new,149,5,0,560.88,0.1435,whatsapp,0.0
3016,b2c_returning,718,10,2,2495.71,0.1862,email,0.0
3017,b2b,244,8,2,81371.79,0.1902,none,0.0
3018,b2c_new,216,6,1,5335.24,0.2387,email,0.0
3019,b2c_new,404,8,1,1615.71,0.2254,whatsapp,0.0
3020,b2c_new,481,6,0,1677.87,0.0953,whatsapp,0.0
3021,b2c_new,364,5,1,3121.69,0.1289,email,0.0
3022,b2c_returning,645,11,3,558.37,0.0719,sms,0.0
3023,b2c_new,311,7,3,2279.82,0.1163,whatsapp,0.0
3024,b2c_returning,209,7,0,1393.55,0.2639,email,0.0
3025,b2c_new,549,14,5,3693.41,0.1232,sms,0.0
3026,b2c_new,165,4,0,1144.59,0.111,whatsapp,0.0
3027,b2c_new,185,1,0,2037.17,0.0819,email,0.0
3028,b2c_returning,847,24,12,1400.06,0.4327,email,0.0
3029,b2c_returning,774,19,5,2403.24,0.2023,email,0.0
3030,b2c_new,178,2,0,1509.81,0.2935,whatsapp,0.0
3031,b2c_returning,119,2,1,2162.8,0.4341,none,0.0
3032,b2c_new,671,18,7,6141.41,0.091,email,0.0
3033,b2c_new,369,5,2,1473.43,0.0517,sms,0.0
3034,b2c_new,239,6,0,2386.22,0.1926,email,0.0
3035,b2b,134,2,0,51148.24,0.1811,none,0.0
3036,b2c_returning,242,1,0,2364.78,0.1354,none,0.0
3037,b2c_returning,176,6,0,327.54,0.0958,sms,0.0
3038,b2c_new,98,6,5,1129.08,0.212,email,0.0
3039,b2c_new,202,10,6,775.04,0.0533,whatsapp,0.0
3040,b2c_returning,228,1,0,3432.06,0.2072,whatsapp,0.0
3041,b2c_new,128,3,0,1685.59,0.1274,whatsapp,0.0
3042,b2b,406,9,2,53003.95,0.2686,email,0.0
3043,b2c_returning,574,15,7,2761.78,0.2571,email,0.0
3044,b2c_new,430,10,3,2753.45,0.1295,email,0.0
3045,b2c_returning,140,7,2,764.5,0.2002,whatsapp,0.0
3046,b2b,355,7,1,62614.17,0.2244,sms,0.0
3047,b2c_new,193,7,4,4685.16,0.2539,email,0.0
3048,b2c_returning,59,4,0,653.65,0.3154,none,0.0
3049,b2b,329,12,4,80537.24,0.2063,whatsapp,0.0
3050,b2c_new,205,5,2,2306.84,0.1565,whatsapp,0.0
3051,b2c_returning,1857,38,11,1927.84,0.3776,whatsapp,0.0
3052,b2c_new,668,15,5,4920.44,0.2457,whatsapp,0.0
3053,b2c_returning,341,9,3,2997.39,0.2083,sms,0.0
3054,b2c_returning,225,7,3,2391.81,0.1943,email,0.0
3055,b2c_returning,208,3,1,3190.28,0.2615,whatsapp,0.0
3056,b2c_new,72,1,1,3073.42,0.2469,sms,0.0
3057,b2c_returning,37,1,0,1852.5,0.1885,sms,0.0
3058,b2c_new,82,2,1,1404.12,0.1546,whatsapp,0.0
3059,b2c_new,172,4,1,3600.25,0.3705,sms,0.0
3060,b2c_new,27,1,1,1069.97,0.2006,whatsapp,0.0
3061,b2c_returning,110,1,0,1711.19,0.1553,email,0.0
3062,b2c_new,144,1,0,800.97,0.2577,whatsapp,0.0
3063,b2c_new,148,2,2,3004.04,0.0365,none,0.0
3064,b2c_returning,99,2,1,4265.47,0.1719,whatsapp,0.0
3065,b2c_new,132,1,0,935.1,0.2555,sms,0.0
3066,b2c_new,849,13,2,1616.13,0.0563,email,0.0
3067,b2c_new,326,10,2,1286.26,0.3099,whatsapp,0.0
3068,b2c_new,108,5,0,3821.01,0.2117,email,0.0
3069,b2c_returning,169,5,1,4853.34,0.0693,whatsapp,0.0
3070,b2c_new,175,3,0,1287.14,0.0817,sms,0.0
3071,b2c_new,90,3,3,206.79,0.0747,whatsapp,0.0
3072,b2b,90,0,0,70320.75,0.335,sms,0.0
3073,b2c_returning,446,9,5,1857.73,0.0978,whatsapp,0.0
3074,b2c_returning,123,3,0,1862.75,0.2622,email,0.0
3075,b2c_returning,67,3,1,3533.84,0.2419,none,0.0
3076,b2b,173,2,0,23819.3,0.0874,whatsapp,0.0
3077,b2c_new,200,4,0,1157.88,0.3548,whatsapp,0.0
3078,b2c_returning,30,1,0,1403.25,0.1579,email,0.0
3079,b2c_returning,173,6,3,2534.88,0.4651,whatsapp,0.0
3080,b2c_new,393,4,4,3330.3,0.1782,sms,0.0
3081,b2c_new,270,8,5,5646.27,0.2284,sms,0.0
3082,b2c_new,1339,25,7,2387.3,0.1747,sms,0.0
3083,b2c_returning,554,12,1,1626.69,0.3654,sms,0.0
3084,b2c_returning,663,10,3,3347.19,0.0286,whatsapp,0.0
3085,b2c_returning,2237,35,14,912.02,0.171,email,0.0
3086,b2c_new,356,8,3,4861.56,0.2938,whatsapp,0.0
3087,b2c_new,208,3,1,2087.05,0.0865,email,0.0
3088,b2c_new,432,8,1,1533.73,0.291,sms,0.0
3089,b2c_returning,108,4,0,914.09,0.3432,whatsapp,0.0
3090,b2b,198,5,1,44405.13,0.2895,none,0.0
3091,b2c_returning,100,0,0,1478.98,0.0172,sms,0.0
3092,b2b,257,7,3,29429.84,0.0888,whatsapp,0.0
3093,b2c_returning,100,2,0,558.75,0.0649,whatsapp,0.0
3094,b2b,97,0,0,93102.92,0.0694,whatsapp,0.0
3095,b2c_new,261,6,2,1209.05,0.1307,none,0.0
3096,b2c_new,159,4,0,2412.78,0.066,email,0.0
3097,b2c_new,31,1,0,1492.47,0.2661,whatsapp,0.0
3098,b2c_new,48,0,0,281.84,0.3062,none,0.0
3099,b2c_new,64,1,1,1346.19,0.2779,sms,0.0
3100,b2c_new,81,1,0,650.28,0.147,whatsapp,0.0
3101,b2b,261,7,1,30084.31,0.1858,email,0.0
3102,b2c_new,219,7,3,3634.62,0.3425,email,0.0
3103,b2b,469,13,8,25429.18,0.197,email,0.0
3104,b2c_returning,354,7,1,2212.62,0.1653,email,0.0
3105,b2c_returning,472,9,3,1262.04,0.068,whatsapp,0.0
3106,b2c_returning,311,6,1,1102.7,0.1991,whatsapp,0.0
3107,b2c_new,217,7,1,906.88,0.1792,email,0.0
3108,b2c_returning,484,5,1,2251.18,0.1102,email,0.0
3109,b2c_new,411,11,3,2435.25,0.1174,email,0.0
3110,b2b,252,2,1,23325.29,0.4843,whatsapp,0.0
3111,b2c_new,565,14,3,4027.53,0.1672,sms,0.0
3112,b2c_new,21,0,1,784.59,0.239,whatsapp,0.0
3113,b2c_returning,138,2,1,2362.72,0.0675,email,0.0
3114,b2c_returning,136,4,0,787.5,0.0921,whatsapp,0.0
3115,b2c_new,507,15,9,1305.31,0.2796,whatsapp,0.0
3116,b2c_returning,740,26,8,735.38,0.1245,whatsapp,0.0
3117,b2c_new,48,3,2,1243.17,0.1943,whatsapp,0.0
3118,b2c_returning,640,12,1,1563.78,0.0028,none,0.0
3119,b2c_new,62,3,1,805.14,0.3045,email,0.0
3120,b2c_new,64,1,0,2243.18,0.0874,whatsapp,0.0
3121,b2c_new,145,5,2,2458.59,0.2604,sms,0.0
3122,b2c_new,135,6,7,11965.26,0.0455,none,0.0
3123,b2c_new,44,2,0,3448.27,0.149,sms,0.0
3124,b2c_new,323,10,1,4101.21,0.106,whatsapp,0.0
3125,b2c_new,331,4,1,521.77,0.106,none,0.0
3126,b2c_new,464,15,8,456.97,0.1612,email,0.0
3127,b2c_returning,121,1,1,1462.13,0.0835,email,0.0
3128,b2c_new,173,6,0,6287.47,0.0465,email,0.0
3129,b2c_returning,175,6,3,10174.05,0.3763,email,0.0
3130,b2b,822,17,8,37001.38,0.1163,whatsapp,0.0
3131,b2c_new,14,1,1,1194.15,0.3062,email,0.0
3132,b2b,76,3,2,56596.98,0.1602,email,0.0
3133,b2c_new,180,2,0,1567.96,0.2172,email,0.0
3134,b2c_new,67,1,0,1595.89,0.0885,email,0.0
3135,b2c_returning,142,3,0,2807.28,0.5326,sms,0.0
3136,b2c_returning,160,2,1,12045.0,0.1177,whatsapp,0.0
3137,b2c_returning,99,1,0,4486.12,0.1761,email,0.0
3138,b2c_new,190,3,2,6660.37,0.179,none,0.0
3139,b2c_returning,316,5,1,495.04,0.1969,email,0.0
3140,b2c_new,145,7,4,3819.55,0.2776,email,0.0
3141,b2c_new,119,7,1,925.78,0.0148,email,0.0
3142,b2c_new,155,4,1,5820.0,0.276,email,0.0
3143,b2b,178,5,1,20788.66,0.2647,none,0.0
3144,b2c_new,37,0,0,2746.86,0.1654,whatsapp,0.0
3145,b2c_returning,272,6,2,1070.11,0.217,email,0.0
3146,b2c_returning,119,1,0,1282.89,0.139,none,0.0
3147,b2c_returning,560,17,7,1357.65,0.0786,whatsapp,0.0
3148,b2c_returning,306,6,2,3069.21,0.2861,whatsapp,0.0
3149,b2c_returning,515,13,3,2388.12,0.3246,email,0.0
3150,b2c_new,72,0,0,4863.75,0.1437,email,0.0
3151,b2c_new,128,3,0,5558.68,0.2335,sms,0.0
3152,b2c_returning,58,0,0,996.04,0.1494,sms,0.0
3153,b2c_new,95,3,0,2510.36,0.2177,none,0.0
3154,b2c_new,555,11,4,2489.08,0.3373,email,0.0
3155,b2c_new,686,22,4,1684.17,0.0909,email,0.0
3156,b2c_new,64,1,1,3479.96,0.147,whatsapp,0.0
3157,b2c_new,119,3,3,2538.23,0.3467,whatsapp,0.0
3158,b2c_new,168,4,1,1203.94,0.1419,sms,0.0
3159,b2b,304,9,1,26521.37,0.1069,sms,0.0
3160,b2c_new,36,0,0,1409.64,0.1111,sms,0.0
3161,b2b,42,1,1,28547.5,0.4304,email,0.0
3162,b2b,279,7,3,55663.92,0.1772,whatsapp,0.0
3163,b2c_new,31,0,0,726.11,0.1438,sms,0.0
3164,b2c_returning,120,6,0,2508.05,0.0446,whatsapp,0.0
3165,b2c_returning,208,11,4,4809.87,0.1798,sms,0.0
3166,b2c_returning,261,9,0,1864.73,0.2963,none,0.0
3167,b2c_new,158,2,2,3491.34,0.0789,none,0.0
3168,b2c_new,129,0,0,2006.75,0.2905,whatsapp,0.0
3169,b2c_new,384,4,0,880.13,0.2271,whatsapp,0.0
3170,b2c_returning,232,4,0,7335.55,0.038,email,0.0
3171,b2b,100,1,0,54308.97,0.1006,email,0.0
3172,b2c_returning,186,3,0,1813.03,0.401,whatsapp,0.0
3173,b2c_returning,254,4,1,1051.06,0.1702,email,0.0
3174,b2b,845,23,7,24886.52,0.0549,whatsapp,0.0
3175,b2c_returning,365,13,5,2093.77,0.0662,email,0.0
3176,b2c_new,537,15,4,10768.45,0.3072,email,0.0
3177,b2c_returning,103,0,0,1845.95,0.4741,sms,0.0
3178,b2c_new,112,4,1,1056.75,0.0871,none,0.0
3179,b2c_new,145,2,0,543.68,0.0374,whatsapp,0.0
3180,b2c_returning,158,4,1,3905.71,0.2254,whatsapp,0.0
3181,b2b,72,2,1,39950.83,0.0822,whatsapp,0.0
3182,b2c_new,562,14,3,1341.68,0.2317,whatsapp,0.0
3183,b2c_new,398,12,2,4252.31,0.1858,email,0.0
3184,b2c_new,136,2,1,3762.72,0.051,none,0.0
3185,b2c_new,320,5,0,1174.73,0.1425,sms,0.0
3186,b2c_new,219,5,1,1309.94,0.1411,whatsapp,0.0
3187,b2c_returning,344,5,3,526.52,0.1544,whatsapp,0.0
3188,b2c_returning,53,2,0,426.96,0.1339,whatsapp,0.0
3189,b2c_new,157,1,1,3072.14,0.2204,sms,0.0
3190,b2c_new,170,6,0,3318.84,0.2464,sms,0.0
3191,b2c_new,315,4,0,2311.35,0.2725,sms,0.0
3192,b2c_new,102,3,1,2052.06,0.2559,email,0.0
3193,b2c_returning,18,1,0,1097.98,0.2446,whatsapp,0.0
3194,b2c_returning,67,1,0,5030.3,0.1293,whatsapp,0.0
3195,b2c_returning,170,7,3,516.32,0.0529,sms,0.0
3196,b2c_new,190,4,2,1296.72,0.4923,email,0.0
3197,b2c_returning,819,16,6,2014.31,0.151,whatsapp,0.0
3198,b2c_new,304,5,2,1799.48,0.0755,email,0.0
3199,b2c_new,193,2,1,1797.42,0.0936,sms,0.0
3200,b2b,174,6,0,123071.27,0.0696,whatsapp,0.0
3201,b2c_returning,486,17,2,2628.52,0.1584,email,0.0
3202,b2b,105,1,0,36600.69,0.1332,none,0.0
3203,b2b,158,5,1,26866.48,0.2656,whatsapp,0.0
3204,b2c_returning,67,2,0,2435.42,0.3606,email,0.0
3205,b2b,645,17,7,17257.17,0.247,email,0.0
3206,b2c_new,256,5,0,1806.04,0.3515,email,0.0
3207,b2c_new,95,4,1,2093.1,0.2465,whatsapp,0.0
3208,b2c_new,162,4,1,524.77,0.1667,email,0.0
3209,b2c_new,284,6,2,560.28,0.0909,whatsapp,0.0
3210,b2c_new,143,7,2,1976.91,0.1903,whatsapp,0.0
3211,b2c_new,111,2,0,1175.77,0.2288,email,0.0
3212,b2c_returning,99,0,0,1226.51,0.2742,sms,0.0
3213,b2c_returning,244,4,4,2680.74,0.0506,email,0.0
3214,b2c_returning,130,6,2,900.86,0.1152,whatsapp,0.0
3215,b2c_new,119,3,0,332.38,0.1562,none,0.0
3216,b2c_returning,54,3,2,5741.42,0.2216,none,0.0
3217,b2c_new,193,5,1,4198.29,0.0931,email,0.0
3218,b2c_new,152,5,0,4161.21,0.3835,whatsapp,0.0
3219,b2c_new,134,3,0,821.41,0.1933,whatsapp,0.0
3220,b2c_new,215,2,1,1705.05,0.3137,none,0.0
3221,b2c_new,352,13,1,740.74,0.4162,whatsapp,0.0
3222,b2c_returning,338,9,2,1726.01,0.4632,sms,0.0
3223,b2c_returning,296,6,0,1410.83,0.379,sms,0.0
3224,b2c_returning,144,3,0,846.32,0.1151,whatsapp,0.0
3225,b2c_new,108,4,0,2560.2,0.2902,whatsapp,0.0
3226,b2c_returning,70,1,0,1501.8,0.3431,email,0.0
3227,b2c_returning,105,1,1,6011.52,0.3126,none,0.0
3228,b2c_new,183,3,0,1911.39,0.1737,whatsapp,0.0
3229,b2c_returning,88,1,0,302.48,0.148,email,0.0
3230,b2c_new,196,0,0,506.26,0.2032,sms,0.0
3231,b2c_new,75,2,0,7804.76,0.1853,email,0.0
3232,b2c_new,40,2,1,1399.98,0.7196,whatsapp,0.0
3233,b2c_returning,376,12,1,2129.3,0.0886,whatsapp,0.0
3234,b2c_new,117,1,1,1812.3,0.1901,none,0.0
3235,b2c_new,84,3,1,4851.12,0.1499,email,0.0
3236,b2c_new,67,1,0,473.76,0.1913,sms,0.0
3237,b2b,263,8,1,48015.93,0.1176,email,0.0
3238,b2c_new,620,16,3,4349.44,0.2411,email,0.0
3239,b2c_new,125,6,1,1807.78,0.0652,whatsapp,0.0
3240,b2c_new,148,4,1,2403.89,0.2651,whatsapp,0.0
3241,b2c_returning,472,13,5,1388.7,0.1203,none,0.0
3242,b2c_returning,35,1,0,553.28,0.3731,whatsapp,0.0
3243,b2b,1056,21,9,27337.61,0.0781,email,0.0
3244,b2c_new,1623,45,10,2139.12,0.1265,sms,0.0
3245,b2c_new,15,0,0,2170.46,0.1749,whatsapp,0.0
3246,b2c_returning,164,4,1,2522.86,0.5118,whatsapp,0.0
3247,b2c_new,94,5,2,1179.1,0.2326,email,0.0
3248,b2c_returning,141,1,0,5119.58,0.4037,none,0.0
3249,b2c_returning,123,4,3,1810.28,0.2901,none,0.0
3250,b2c_new,373,7,2,2630.0,0.2034,whatsapp,0.0
3251,b2b,162,1,0,149235.64,0.1055,email,0.0
3252,b2c_returning,79,1,0,3754.45,0.1588,email,0.0
3253,b2c_new,154,5,2,1935.92,0.2252,whatsapp,0.0
3254,b2c_new,286,2,1,1695.88,0.1855,email,0.0
3255,b2c_new,62,2,2,4190.99,0.1942,sms,0.0
3256,b2c_returning,40,1,1,538.9,0.3094,whatsapp,0.0
3257,b2c_new,1081,20,7,1479.6,0.1753,email,0.0
3258,b2c_new,100,1,0,1172.26,0.105,email,0.0
3259,b2c_returning,159,1,0,2338.48,0.1213,email,0.0
3260,b2c_new,125,4,0,2245.32,0.2318,email,0.0
3261,b2c_new,294,9,3,1785.2,0.0358,sms,0.0
3262,b2c_returning,887,13,4,1091.97,0.2859,whatsapp,0.0
3263,b2c_new,303,7,2,1769.97,0.0358,email,0.0
3264,b2c_new,45,1,0,2257.24,0.2866,sms,0.0
3265,b2c_new,51,1,2,1588.65,0.0865,email,0.0
3266,b2c_new,125,2,1,3908.17,0.3634,sms,0.0
3267,b2c_new,141,2,2,2762.67,0.2565,email,0.0
3268,b2c_returning,38,2,1,1824.14,0.1048,email,0.0
3269,b2b,376,3,0,23603.78,0.3722,whatsapp,0.0
3270,b2c_new,67,3,0,1544.92,0.323,none,0.0
3271,b2b,690,11,3,64520.32,0.5939,sms,0.0
3272,b2c_returning,926,15,4,1480.28,0.1224,email,0.0
3273,b2c_returning,143,1,0,2225.69,0.1376,whatsapp,0.0
3274,b2c_returning,267,2,2,1538.15,0.2132,whatsapp,0.0
3275,b2c_returning,59,2,1,2118.13,0.0361,sms,0.0
3276,b2c_returning,315,6,2,4799.41,0.2565,none,0.0
3277,b2c_new,114,6,2,3122.11,0.1568,sms,0.0
3278,b2c_returning,67,2,0,726.79,0.4185,none,0.0
3279,b2c_new,138,2,1,563.93,0.2189,whatsapp,0.0
3280,b2c_new,118,3,2,2453.65,0.0655,none,0.0
3281,b2c_returning,134,3,0,4076.68,0.3042,email,0.0
3282,b2c_new,423,13,5,562.89,0.028,email,0.0
3283,b2c_new,88,2,1,1554.14,0.1872,sms,0.0
3284,b2c_new,857,16,1,9478.63,0.0763,whatsapp,0.0
3285,b2c_new,54,1,0,1491.44,0.2151,email,0.0
3286,b2c_returning,770,15,4,10547.48,0.1148,email,0.0
3287,b2c_returning,72,3,0,1011.33,0.4713,email,0.0
3288,b2c_new,179,3,0,1144.49,0.0411,email,0.0
3289,b2c_new,115,5,0,1100.45,0.1976,whatsapp,0.0
3290,b2c_new,132,2,0,735.18,0.1751,none,0.0
3291,b2c_new,370,9,4,550.94,0.2417,email,0.0
3292,b2c_returning,694,15,2,1541.75,0.1584,email,0.0
3293,b2c_returning,525,15,6,1992.11,0.2448,whatsapp,0.0
3294,b2c_new,125,2,1,1089.85,0.1383,sms,0.0
3295,b2c_new,212,3,0,1289.73,0.2187,sms,0.0
3296,b2b,89,2,2,20481.52,0.5141,sms,0.0
3297,b2c_returning,73,4,3,3553.76,0.3316,sms,0.0
3298,b2c_new,64,3,1,1501.87,0.1403,email,0.0
3299,b2c_new,121,1,0,2431.96,0.08,whatsapp,0.0
3300,b2c_new,225,5,1,572.52,0.7322,none,0.0
3301,b2b,32,2,0,38825.69,0.2935,none,0.0
3302,b2c_new,172,2,0,1723.06,0.114,whatsapp,0.0
3303,b2c_new,704,18,7,1385.24,0.3254,sms,0.0
3304,b2b,494,15,0,37751.15,0.5321,none,0.0
3305,b2c_returning,106,3,1,1644.76,0.2586,whatsapp,0.0
3306,b2c_new,51,1,0,717.66,0.1568,sms,0.0
3307,b2c_new,272,6,0,5833.56,0.1512,email,0.0
3308,b2c_new,22,0,0,3502.09,0.4597,whatsapp,0.0
3309,b2c_returning,488,7,4,1372.08,0.0707,whatsapp,0.0
3310,b2c_new,148,3,2,524.87,0.1084,whatsapp,0.0
3311,b2b,935,21,7,62355.77,0.3022,email,0.0
3312,b2b,38,1,0,24098.98,0.4157,sms,0.0
3313,b2c_returning,411,10,3,1593.96,0.212,whatsapp,0.0
3314,b2c_returning,164,1,0,3070.6,0.0122,email,0.0
3315,b2c_new,133,1,0,926.52,0.2506,sms,0.0
3316,b2c_new,52,1,0,1451.54,0.0825,email,0.0
3317,b2c_returning,307,8,6,1504.34,0.3018,whatsapp,0.0
3318,b2c_new,330,4,0,2131.47,0.1287,sms,0.0
3319,b2c_new,897,12,6,1916.87,0.4228,sms,0.0
3320,b2c_new,445,9,1,943.84,0.1542,whatsapp,0.0
3321,b2c_new,105,2,0,936.98,0.0221,sms,0.0
3322,b2c_new,72,1,1,1700.13,0.2405,sms,0.0
3323,b2c_returning,52,0,0,527.17,0.1245,email,0.0
3324,b2c_returning,677,8,2,1011.7,0.035,whatsapp,0.0
3325,b2c_returning,89,2,2,1615.9,0.1579,sms,0.0
3326,b2c_returning,682,9,4,2377.47,0.1595,sms,0.0
3327,b2c_new,288,8,1,5156.16,0.0495,sms,0.0
3328,b2c_returning,242,5,3,1289.51,0.0834,whatsapp,0.0
3329,b2c_returning,136,4,0,1846.08,0.1815,sms,0.0
3330,b2c_new,326,3,3,487.06,0.1616,sms,0.0
3331,b2b,177,2,0,24415.07,0.4057,whatsapp,0.0
3332,b2c_new,129,1,1,952.41,0.1406,whatsapp,0.0
3333,b2c_new,336,10,3,1450.67,0.1417,whatsapp,0.0
3334,b2c_new,158,3,0,2511.56,0.1172,sms,0.0
3335,b2c_new,87,2,0,2586.14,0.2042,none,0.0
3336,b2c_new,308,11,4,650.62,0.2261,whatsapp,0.0
3337,b2c_returning,169,5,1,3155.52,0.0429,whatsapp,0.0
3338,b2c_returning,279,6,3,1751.68,0.36,sms,0.0
3339,b2c_new,119,1,0,4370.21,0.3881,email,0.0
3340,b2c_returning,60,0,0,5007.46,0.071,sms,0.0
3341,b2c_new,857,26,10,5540.46,0.0803,whatsapp,0.0
3342,b2c_returning,724,20,4,664.11,0.1686,email,0.0
3343,b2c_new,398,9,8,2385.45,0.0563,whatsapp,0.0
3344,b2c_new,126,3,0,596.67,0.3121,sms,0.0
3345,b2c_returning,137,3,1,4476.32,0.1057,whatsapp,0.0
3346,b2c_returning,624,19,4,4945.24,0.1258,email,0.0
3347,b2c_returning,130,2,1,3569.49,0.077,sms,0.0
3348,b2c_returning,101,1,0,1337.19,0.2745,sms,0.0
3349,b2c_returning,970,26,9,2634.67,0.1282,sms,0.0
3350,b2c_new,172,6,0,1222.89,0.0201,whatsapp,0.0
3351,b2c_new,884,24,6,1817.43,0.0229,email,0.0
3352,b2c_new,51,0,0,1687.49,0.2989,email,0.0
3353,b2c_new,286,7,1,444.39,0.2188,sms,0.0
3354,b2c_new,1160,29,7,1021.36,0.1118,email,0.0
3355,b2c_new,184,5,2,8823.23,0.1851,email,0.0
3356,b2c_new,141,2,1,1694.02,0.3157,whatsapp,0.0
3357,b2c_returning,62,1,2,2013.64,0.1771,email,0.0
3358,b2c_new,476,16,3,1789.11,0.318,whatsapp,0.0
3359,b2c_returning,90,3,2,1350.43,0.2589,sms,0.0
3360,b2c_returning,165,5,1,1846.07,0.2375,email,0.0
3361,b2c_new,59,2,2,1353.75,0.1839,email,0.0
3362,b2c_new,730,18,5,364.12,0.1101,email,0.0
3363,b2c_returning,508,13,4,3120.98,0.1134,email,0.0
3364,b2c_returning,174,5,0,5566.66,0.2309,sms,0.0
3365,b2c_new,63,1,0,796.81,0.528,whatsapp,0.0
3366,b2c_new,717,17,4,1348.23,0.3322,sms,0.0
3367,b2c_returning,129,1,1,5143.61,0.2113,whatsapp,0.0
3368,b2c_returning,66,1,0,1048.97,0.3069,email,0.0
3369,b2c_new,36,0,0,2361.24,0.2734,whatsapp,0.0
3370,b2c_new,100,3,1,37212.0,0.0639,email,0.0
3371,b2c_returning,48,1,0,2802.12,0.097,email,0.0
3372,b2c_new,102,2,1,1888.84,0.0249,sms,0.0
3373,b2c_returning,351,6,1,3336.71,0.3305,none,0.0
3374,b2c_new,128,3,3,3100.33,0.157,whatsapp,0.0
3375,b2c_returning,247,6,1,1132.25,0.1622,email,0.0
3376,b2c_new,93,4,1,533.81,0.1328,email,0.0
3377,b2c_new,190,7,6,2727.88,0.1525,whatsapp,0.0
3378,b2b,1014,17,2,26671.35,0.222,whatsapp,0.0
3379,b2c_new,131,2,0,1461.6,0.179,email,0.0
3380,b2b,254,12,5,47250.34,0.1545,email,0.0
3381,b2c_new,43,0,0,4948.59,0.2087,email,0.0
3382,b2c_returning,707,13,2,3095.5,0.0831,email,0.0
3383,b2b,117,0,0,64232.77,0.0314,email,0.0
3384,b2c_returning,463,9,2,416.5,0.14,sms,0.0
3385,b2c_new,161,5,3,1593.19,0.1376,email,0.0
3386,b2c_returning,312,5,1,497.8,0.118,whatsapp,0.0
3387,b2c_returning,329,5,2,345.7,0.0819,sms,0.0
3388,b2b,119,5,0,21696.66,0.0958,sms,0.0
3389,b2c_new,480,2,1,4089.41,0.1738,none,0.0
3390,b2c_new,90,1,1,459.49,0.2645,email,0.0
3391,b2c_new,362,10,4,1504.12,0.3576,email,0.0
3392,b2c_returning,126,4,2,1778.09,0.3039,sms,0.0
3393,b2b,246,4,1,86890.37,0.1739,sms,0.0
3394,b2c_new,118,6,1,685.8,0.0862,sms,0.0
3395,b2c_returning,188,3,0,4570.0,0.0655,sms,0.0
3396,b2b,68,2,2,31768.74,0.2062,email,0.0
3397,b2c_new,224,9,2,459.94,0.1973,sms,0.0
3398,b2c_new,187,4,1,687.75,0.2725,whatsapp,0.0
3399,b2c_returning,110,3,0,2521.18,0.1629,sms,0.0
3400,b2c_returning,171,3,2,1492.94,0.3042,sms,0.0
3401,b2c_new,203,4,1,1049.81,0.0982,whatsapp,0.0
3402,b2c_returning,103,3,0,2604.24,0.2747,sms,0.0
3403,b2c_returning,160,5,3,2271.92,0.1304,email,0.0
3404,b2b,72,2,1,10200.07,0.2616,sms,0.0
3405,b2c_returning,1486,34,11,2585.93,0.064,sms,0.0
3406,b2c_returning,466,11,4,4115.04,0.4035,whatsapp,0.0
3407,b2c_returning,230,3,0,1651.29,0.4311,whatsapp,0.0
3408,b2c_new,516,18,4,1527.06,0.2368,whatsapp,0.0
3409,b2c_returning,30,2,0,6776.76,0.2821,sms,0.0
3410,b2c_new,18,0,0,1095.17,0.0436,email,0.0
3411,b2c_returning,125,2,1,1602.92,0.275,sms,0.0
3412,b2c_new,52,1,0,2269.3,0.0587,email,0.0
3413,b2c_returning,145,4,2,1862.08,0.0985,none,0.0
3414,b2c_new,216,5,2,1487.64,0.2483,email,0.0
3415,b2c_new,412,9,4,1916.01,0.304,sms,0.0
3416,b2c_new,64,1,0,5398.11,0.3172,sms,0.0
3417,b2c_returning,257,4,2,3168.15,0.1414,whatsapp,0.0
3418,b2c_returning,182,0,0,1708.28,0.067,whatsapp,0.0
3419,b2c_new,246,9,1,983.17,0.1488,email,0.0
3420,b2c_returning,112,3,1,1079.05,0.2218,whatsapp,0.0
3421,b2c_returning,625,8,4,3500.61,0.0827,sms,0.0
3422,b2c_new,163,5,0,590.06,0.3395,whatsapp,0.0
3423,b2c_returning,888,21,3,9679.59,0.0865,email,0.0
3424,b2c_new,88,0,0,1760.39,0.2158,sms,0.0
3425,b2c_new,351,3,1,685.78,0.3376,sms,0.0
3426,b2c_returning,170,3,0,2044.53,0.2581,email,0.0
3427,b2c_new,134,3,2,1027.67,0.3034,whatsapp,0.0
3428,b2c_returning,317,10,4,1342.45,0.0727,none,0.0
3429,b2b,137,3,0,12779.42,0.181,email,0.0
3430,b2c_returning,16,0,0,1523.13,0.1424,email,0.0
3431,b2c_returning,11,1,0,407.36,0.457,email,0.0
3432,b2c_returning,565,14,6,1182.8,0.2398,sms,0.0
3433,b2b,544,5,1,46924.05,0.1726,whatsapp,0.0
3434,b2c_new,983,22,4,1266.38,0.0512,whatsapp,0.0
3435,b2c_new,177,4,3,1054.27,0.3194,sms,0.0
3436,b2c_returning,56,3,3,1843.31,0.138,none,0.0
3437,b2c_new,123,3,1,3351.44,0.2443,email,0.0
3438,b2c_new,181,4,1,2316.87,0.4408,whatsapp,0.0
3439,b2c_new,72,3,0,4469.47,0.1609,whatsapp,0.0
3440,b2c_returning,793,17,4,1269.75,0.2041,email,0.0
3441,b2c_new,1350,30,4,2259.37,0.307,email,0.0
3442,b2c_new,276,7,2,2322.55,0.0423,none,0.0
3443,b2c_new,178,3,0,4030.71,0.0579,sms,0.0
3444,b2c_new,56,0,0,1079.48,0.1014,whatsapp,0.0
3445,b2c_returning,723,23,4,3126.67,0.2133,email,0.0
3446,b2c_new,192,6,2,987.75,0.1242,whatsapp,0.0
3447,b2c_returning,138,1,1,1207.85,0.0443,sms,0.0
3448,b2c_returning,277,8,2,1400.36,0.2776,whatsapp,0.0
3449,b2c_new,106,3,1,2471.95,0.1997,email,0.0
3450,b2c_returning,205,6,1,841.04,0.303,email,0.0
3451,b2c_returning,49,0,1,927.21,0.244,whatsapp,0.0
3452,b2c_returning,478,15,3,1145.96,0.0766,whatsapp,0.0
3453,b2c_new,163,4,0,1862.09,0.1053,whatsapp,0.0
3454,b2c_new,510,12,2,934.65,0.2008,email,0.0
3455,b2b,150,6,1,52267.12,0.216,email,0.0
3456,b2c_returning,159,4,0,1401.17,0.1994,whatsapp,0.0
3457,b2b,60,0,0,37582.36,0.0637,whatsapp,0.0
3458,b2b,356,15,7,26647.17,0.1978,whatsapp,0.0
3459,b2c_new,81,0,0,6136.66,0.0815,email,0.0
3460,b2c_returning,116,1,0,1959.3,0.2543,whatsapp,0.0
3461,b2c_new,180,4,0,767.14,0.1722,whatsapp,0.0
3462,b2c_returning,200,2,1,1550.92,0.077,email,0.0
3463,b2c_new,38,1,0,1826.83,0.0795,email,0.0
3464,b2c_new,146,3,0,952.86,0.2791,email,0.0
3465,b2c_returning,368,7,4,5205.71,0.3092,none,0.0
3466,b2c_returning,128,4,2,1448.94,0.1747,whatsapp,0.0
3467,b2c_returning,147,4,1,1146.28,0.2201,email,0.0
3468,b2c_new,208,10,2,2043.91,0.1125,whatsapp,0.0
3469,b2c_new,160,5,4,954.51,0.2202,sms,0.0
3470,b2b,71,3,0,28947.43,0.5598,none,0.0
3471,b2c_new,174,2,1,3075.7,0.2309,sms,0.0
3472,b2c_new,440,8,1,1972.35,0.3305,email,0.0
3473,b2c_returning,69,1,0,2723.38,0.0588,whatsapp,0.0
3474,b2c_new,128,8,2,1268.73,0.1795,none,0.0
3475,b2c_returning,51,1,0,628.69,0.0727,sms,0.0
3476,b2c_new,419,11,0,1433.13,0.0435,sms,0.0
3477,b2c_returning,165,7,2,1267.09,0.1155,whatsapp,0.0
3478,b2b,83,4,0,58313.97,0.3361,email,0.0
3479,b2b,195,5,1,25600.94,0.1563,whatsapp,0.0
3480,b2c_returning,60,0,0,760.73,0.1146,whatsapp,0.0
3481,b2c_new,71,0,0,860.82,0.1545,email,0.0
3482,b2c_returning,48,1,1,4577.27,0.182,email,0.0
3483,b2c_returning,68,0,0,2575.76,0.1286,email,0.0
3484,b2c_returning,610,17,4,3536.96,0.1826,none,0.0
3485,b2c_returning,93,1,1,2571.52,0.3585,whatsapp,0.0
3486,b2c_returning,273,5,3,3841.62,0.2886,sms,0.0
3487,b2c_returning,84,0,0,1834.25,0.2232,whatsapp,0.0
3488,b2c_returning,356,7,1,5200.51,0.6124,whatsapp,0.0
3489,b2c_new,71,1,0,760.19,0.1785,none,0.0
3490,b2c_new,186,3,1,1716.64,0.234,sms,0.0
3491,b2c_returning,188,4,0,878.42,0.3122,whatsapp,0.0
3492,b2c_new,1462,24,11,4292.97,0.3705,email,0.0
3493,b2c_returning,317,8,4,2414.86,0.3128,email,0.0
3494,b2c_returning,105,1,1,4130.81,0.2075,whatsapp,0.0
3495,b2c_new,333,8,0,673.92,0.2328,email,0.0
3496,b2c_returning,1233,22,3,1180.67,0.2134,email,0.0
3497,b2c_returning,41,1,1,516.35,0.0741,email,0.0
3498,b2c_returning,84,2,0,2317.94,0.1545,sms,0.0
3499,b2c_new,145,8,4,1333.88,0.3846,sms,0.0
3500,b2c_returning,123,3,1,3054.75,0.367,none,0.0
